-- phpMyAdmin SQL Dump
-- version 5.2.1
-- https://www.phpmyadmin.net/
--
-- Host: 127.0.0.1:3306
-- Tempo de geração: 31/03/2025 às 21:47
-- Versão do servidor: 10.11.10-MariaDB
-- Versão do PHP: 7.2.34

SET SQL_MODE = "NO_AUTO_VALUE_ON_ZERO";
START TRANSACTION;
SET time_zone = "+00:00";


/*!40101 SET @OLD_CHARACTER_SET_CLIENT=@@CHARACTER_SET_CLIENT */;
/*!40101 SET @OLD_CHARACTER_SET_RESULTS=@@CHARACTER_SET_RESULTS */;
/*!40101 SET @OLD_COLLATION_CONNECTION=@@COLLATION_CONNECTION */;
/*!40101 SET NAMES utf8mb4 */;

--
-- Banco de dados: `u873358427_raposadelivery`
--

-- --------------------------------------------------------

--
-- Estrutura para tabela `administradores`
--

DROP TABLE IF EXISTS `administradores`;
CREATE TABLE IF NOT EXISTS `administradores` (
  `id` int(11) NOT NULL AUTO_INCREMENT,
  `nome` varchar(100) NOT NULL,
  `email` varchar(100) NOT NULL,
  `senha` varchar(255) NOT NULL,
  `remember_token` varchar(64) DEFAULT NULL,
  `ultimo_login` timestamp NULL DEFAULT NULL,
  `created_at` timestamp NULL DEFAULT current_timestamp(),
  `updated_at` timestamp NULL DEFAULT current_timestamp() ON UPDATE current_timestamp(),
  PRIMARY KEY (`id`),
  UNIQUE KEY `email` (`email`)
) ENGINE=InnoDB AUTO_INCREMENT=2 DEFAULT CHARSET=utf8mb4 COLLATE=utf8mb4_unicode_ci;

--
-- Despejando dados para a tabela `administradores`
--

INSERT INTO `administradores` (`id`, `nome`, `email`, `senha`, `remember_token`, `ultimo_login`, `created_at`, `updated_at`) VALUES
(1, 'Administrador', 'admin@admin.com', '0192023a7bbd73250516f069df18b500', NULL, NULL, '2025-03-31 21:43:31', '2025-03-31 21:43:31');

-- --------------------------------------------------------

--
-- Estrutura para tabela `bairros_entrega`
--

DROP TABLE IF EXISTS `bairros_entrega`;
CREATE TABLE IF NOT EXISTS `bairros_entrega` (
  `id` int(11) NOT NULL AUTO_INCREMENT,
  `nome` varchar(255) NOT NULL,
  `valor` decimal(10,2) NOT NULL DEFAULT 0.00,
  `tempo` varchar(50) DEFAULT NULL,
  `ativo` tinyint(1) DEFAULT 1,
  `created_at` timestamp NULL DEFAULT current_timestamp(),
  `updated_at` timestamp NULL DEFAULT current_timestamp() ON UPDATE current_timestamp(),
  PRIMARY KEY (`id`)
) ENGINE=InnoDB AUTO_INCREMENT=6 DEFAULT CHARSET=utf8mb4 COLLATE=utf8mb4_unicode_ci;

--
-- Despejando dados para a tabela `bairros_entrega`
--

INSERT INTO `bairros_entrega` (`id`, `nome`, `valor`, `tempo`, `ativo`, `created_at`, `updated_at`) VALUES
(1, 'Centro', 5.00, '30-40 min', 1, '2025-03-31 21:43:31', '2025-03-31 21:43:31'),
(2, 'Jardim América', 6.00, '40-50 min', 1, '2025-03-31 21:43:31', '2025-03-31 21:43:31'),
(3, 'Vila Nova', 7.00, '40-50 min', 1, '2025-03-31 21:43:31', '2025-03-31 21:43:31'),
(4, 'Santa Maria', 8.00, '50-60 min', 1, '2025-03-31 21:43:31', '2025-03-31 21:43:31'),
(5, 'Parque das Flores', 9.00, '50-60 min', 1, '2025-03-31 21:43:31', '2025-03-31 21:43:31');

-- --------------------------------------------------------

--
-- Estrutura para tabela `categorias`
--

DROP TABLE IF EXISTS `categorias`;
CREATE TABLE IF NOT EXISTS `categorias` (
  `id` int(11) NOT NULL AUTO_INCREMENT,
  `nome` varchar(100) NOT NULL,
  `descricao` text DEFAULT NULL,
  `ativo` tinyint(1) DEFAULT 1,
  `created_at` timestamp NULL DEFAULT current_timestamp(),
  `updated_at` timestamp NULL DEFAULT current_timestamp() ON UPDATE current_timestamp(),
  PRIMARY KEY (`id`)
) ENGINE=InnoDB AUTO_INCREMENT=3 DEFAULT CHARSET=utf8mb4 COLLATE=utf8mb4_unicode_ci;

--
-- Despejando dados para a tabela `categorias`
--

INSERT INTO `categorias` (`id`, `nome`, `descricao`, `ativo`, `created_at`, `updated_at`) VALUES
(1, 'Lanches', 'Hambúrgueres e sanduíches', 1, '2025-03-31 21:43:31', '2025-03-31 21:43:31'),
(2, 'Bebidas', 'Refrigerantes e sucos', 1, '2025-03-31 21:43:31', '2025-03-31 21:43:31');

-- --------------------------------------------------------

--
-- Estrutura para tabela `complementos`
--

DROP TABLE IF EXISTS `complementos`;
CREATE TABLE IF NOT EXISTS `complementos` (
  `id` int(11) NOT NULL AUTO_INCREMENT,
  `nome` varchar(100) NOT NULL,
  `descricao` text DEFAULT NULL,
  `min_escolhas` int(11) DEFAULT 0,
  `max_escolhas` int(11) DEFAULT 1,
  `obrigatorio` tinyint(1) DEFAULT 0,
  `ativo` tinyint(1) DEFAULT 1,
  `ordem` int(11) DEFAULT 0,
  `created_at` timestamp NULL DEFAULT current_timestamp(),
  `updated_at` timestamp NULL DEFAULT current_timestamp() ON UPDATE current_timestamp(),
  PRIMARY KEY (`id`)
) ENGINE=InnoDB AUTO_INCREMENT=46 DEFAULT CHARSET=utf8mb4 COLLATE=utf8mb4_unicode_ci;

--
-- Despejando dados para a tabela `complementos`
--

INSERT INTO `complementos` (`id`, `nome`, `descricao`, `min_escolhas`, `max_escolhas`, `obrigatorio`, `ativo`, `ordem`, `created_at`, `updated_at`) VALUES
(1, 'Cremes', 'Cremes deliciosos', 0, 2, 0, 1, 1, '2025-03-28 04:03:59', '2025-03-31 20:48:09'),
(2, 'Cremes', '', 0, 4, 0, 1, 2, '2025-03-28 04:06:25', '2025-03-31 20:48:09'),
(3, 'Cremes', 'Escolha até 2 opções de creme', 0, 2, 0, 1, 3, '2025-03-31 12:10:25', '2025-03-31 21:11:56'),
(4, 'Complementos', 'Escolha até 4 opções de complementos', 0, 4, 0, 1, 4, '2025-03-31 12:10:25', '2025-03-31 21:11:56'),
(5, 'Cobertura', 'Escolha até 2 opções de cobertura ', 0, 2, 0, 1, 5, '2025-03-31 12:14:49', '2025-03-31 21:11:56'),
(6, 'Extras - Cremes', 'Adicione extras pagos a sua vontade!', 0, 0, 0, 1, 6, '2025-03-31 12:21:07', '2025-03-31 20:48:09'),
(7, 'Extras - Complementos', 'Adicione extras pagos a sua vontade!', 0, 0, 0, 1, 7, '2025-03-31 12:26:17', '2025-03-31 20:48:09'),
(8, 'Extras - Frutas', 'Adicione extras pagos a sua vontade!', 0, 0, 0, 1, 8, '2025-03-31 12:31:09', '2025-03-31 20:48:09'),
(9, 'Extras - Sorvetes', 'Adicione extras pagos a sua vontade!', 0, 0, 0, 1, 9, '2025-03-31 12:31:09', '2025-03-31 20:48:09'),
(10, 'Frutas', 'Adicione até 2 opções de fruta ', 0, 2, 0, 1, 10, '2025-03-31 14:23:07', '2025-03-31 20:51:36'),
(13, 'Teste023', 'Teste 023', 0, 1, 0, 1, 0, '2025-03-31 20:59:14', '2025-03-31 21:07:30'),
(14, 'Teste1000', 'Teste1000', 0, 1, 0, 1, 0, '2025-03-31 21:07:51', '2025-03-31 21:08:22'),
(15, 'Teste023', 'Teste 023', 0, 1, 0, 1, 0, '2025-03-31 21:08:07', '2025-03-31 21:08:07'),
(16, 'Cremes', 'Escolha até 3 opções de creme', 0, 3, 0, 1, 3, '2025-03-31 21:09:35', '2025-03-31 21:13:12'),
(17, 'Complementos', 'Escolha até 5 opções de complementos', 0, 5, 0, 1, 4, '2025-03-31 21:09:35', '2025-03-31 21:13:12'),
(18, 'Cobertura', 'Escolha até 3 opções de cobertura ', 0, 3, 0, 1, 5, '2025-03-31 21:09:35', '2025-03-31 21:13:12'),
(19, 'Extras - Cremes', 'Adicione extras pagos a sua vontade!', 0, 0, 0, 1, 6, '2025-03-31 21:09:35', '2025-03-31 21:09:35'),
(20, 'Extras - Complementos', 'Adicione extras pagos a sua vontade!', 0, 0, 0, 1, 7, '2025-03-31 21:09:35', '2025-03-31 21:09:35'),
(21, 'Extras - Frutas', 'Adicione extras pagos a sua vontade!', 0, 0, 0, 1, 8, '2025-03-31 21:09:35', '2025-03-31 21:09:35'),
(22, 'Extras - Sorvetes', 'Adicione extras pagos a sua vontade!', 0, 0, 0, 1, 9, '2025-03-31 21:09:35', '2025-03-31 21:09:35'),
(23, 'Frutas', 'Adicione até 1 opções de fruta ', 0, 1, 0, 1, 10, '2025-03-31 21:09:35', '2025-03-31 21:13:12'),
(24, 'Cremes', 'AaaEscolha até 4 opções de creme', 0, 4, 0, 1, 3, '2025-03-31 21:09:47', '2025-03-31 21:09:47'),
(25, 'Complementos', 'Escolha até 7 opções de complementos', 0, 7, 0, 1, 4, '2025-03-31 21:09:47', '2025-03-31 21:09:47'),
(26, 'Cobertura', 'Escolha até 4 opções de cobertura ', 0, 4, 0, 1, 5, '2025-03-31 21:09:47', '2025-03-31 21:09:47'),
(27, 'Extras - Cremes', 'Adicione extras pagos a sua vontade!', 0, 0, 0, 1, 6, '2025-03-31 21:09:47', '2025-03-31 21:09:47'),
(28, 'Extras - Complementos', 'Adicione extras pagos a sua vontade!', 0, 0, 0, 1, 7, '2025-03-31 21:09:47', '2025-03-31 21:09:47'),
(29, 'Extras - Frutas', 'Adicione extras pagos a sua vontade!', 0, 0, 0, 1, 8, '2025-03-31 21:09:47', '2025-03-31 21:09:47'),
(30, 'Extras - Sorvetes', 'Adicione extras pagos a sua vontade!', 0, 0, 0, 1, 9, '2025-03-31 21:09:47', '2025-03-31 21:09:47'),
(31, 'Frutas', 'Adicione até 2 opções de fruta ', 0, 2, 0, 1, 10, '2025-03-31 21:09:47', '2025-03-31 21:09:47'),
(32, 'Cremes', 'Escolha até 1 opção de creme', 0, 1, 0, 1, 3, '2025-03-31 21:19:15', '2025-03-31 21:23:33'),
(33, 'Complementos', 'Escolha até 3 opções de complementos', 0, 3, 0, 1, 4, '2025-03-31 21:19:15', '2025-03-31 21:24:19'),
(34, 'Cobertura', 'Escolha até 2 opções de cobertura ', 0, 2, 0, 1, 5, '2025-03-31 21:19:15', '2025-03-31 21:19:15'),
(35, 'Extras - Cremes', 'Adicione extras pagos a sua vontade!', 0, 0, 0, 1, 6, '2025-03-31 21:19:15', '2025-03-31 21:19:15'),
(36, 'Extras - Complementos', 'Adicione extras pagos a sua vontade!', 0, 0, 0, 1, 7, '2025-03-31 21:19:15', '2025-03-31 21:19:15'),
(37, 'Extras - Frutas', 'Adicione extras pagos a sua vontade!', 0, 0, 0, 1, 8, '2025-03-31 21:19:15', '2025-03-31 21:19:15'),
(38, 'Extras - Sorvetes', 'Adicione extras pagos a sua vontade!', 0, 0, 0, 1, 9, '2025-03-31 21:19:15', '2025-03-31 21:19:15'),
(39, 'Cremes', 'Escolha até 2 opções de creme', 0, 2, 0, 1, 3, '2025-03-31 21:21:48', '2025-03-31 21:21:48'),
(40, 'Complementos', 'Escolha até 4 opções de complementos', 0, 4, 0, 1, 4, '2025-03-31 21:21:48', '2025-03-31 21:21:48'),
(41, 'Cobertura', 'Escolha até 3 opções de cobertura ', 0, 3, 0, 1, 5, '2025-03-31 21:21:48', '2025-03-31 21:24:56'),
(42, 'Extras - Cremes', 'Adicione extras pagos a sua vontade!', 0, 0, 0, 1, 6, '2025-03-31 21:21:48', '2025-03-31 21:21:48'),
(43, 'Extras - Complementos', 'Adicione extras pagos a sua vontade!', 0, 0, 0, 1, 7, '2025-03-31 21:21:48', '2025-03-31 21:21:48'),
(44, 'Extras - Frutas', 'Adicione extras pagos a sua vontade!', 0, 0, 0, 1, 8, '2025-03-31 21:21:48', '2025-03-31 21:21:48'),
(45, 'Extras - Sorvetes', 'Adicione extras pagos a sua vontade!', 0, 0, 0, 1, 9, '2025-03-31 21:21:48', '2025-03-31 21:21:48');

-- --------------------------------------------------------

--
-- Estrutura para tabela `complemento_opcoes`
--

DROP TABLE IF EXISTS `complemento_opcoes`;
CREATE TABLE IF NOT EXISTS `complemento_opcoes` (
  `id` int(11) NOT NULL AUTO_INCREMENT,
  `complemento_id` int(11) NOT NULL,
  `nome` varchar(100) NOT NULL,
  `preco` decimal(10,2) DEFAULT 0.00,
  `ativo` tinyint(1) DEFAULT 1,
  `created_at` timestamp NULL DEFAULT current_timestamp(),
  `updated_at` timestamp NULL DEFAULT current_timestamp() ON UPDATE current_timestamp(),
  PRIMARY KEY (`id`),
  KEY `complemento_id` (`complemento_id`)
) ENGINE=InnoDB AUTO_INCREMENT=6355 DEFAULT CHARSET=utf8mb4 COLLATE=utf8mb4_unicode_ci;

--
-- Despejando dados para a tabela `complemento_opcoes`
--

INSERT INTO `complemento_opcoes` (`id`, `complemento_id`, `nome`, `preco`, `ativo`, `created_at`, `updated_at`) VALUES
(11, 2, 'Chocolate', 0.00, 1, '2025-03-28 04:25:34', '2025-03-28 04:25:34'),
(12, 2, 'Morango', 0.00, 1, '2025-03-28 04:25:34', '2025-03-28 04:25:34'),
(13, 2, 'Limão ', 0.00, 1, '2025-03-28 04:25:34', '2025-03-28 04:25:34'),
(14, 2, 'Uva', 0.00, 1, '2025-03-28 04:25:34', '2025-03-28 04:25:34'),
(15, 1, 'Chocolate', 0.00, 1, '2025-03-31 12:07:36', '2025-03-31 12:07:36'),
(16, 1, 'Morango', 0.00, 1, '2025-03-31 12:07:36', '2025-03-31 12:07:36'),
(17, 1, 'Cupuaçu ', 0.00, 1, '2025-03-31 12:07:36', '2025-03-31 12:07:36'),
(4147, 10, 'Morango', 0.00, 1, '2025-03-31 20:53:19', '2025-03-31 20:53:19'),
(4148, 10, 'Banana', 0.00, 1, '2025-03-31 20:53:19', '2025-03-31 20:53:19'),
(4149, 10, 'Uva passar', 0.00, 1, '2025-03-31 20:53:19', '2025-03-31 20:53:19'),
(4150, 10, 'Kiwi', 0.00, 1, '2025-03-31 20:53:19', '2025-03-31 20:53:19'),
(4275, 13, 'A', 0.00, 1, '2025-03-31 21:07:30', '2025-03-31 21:07:30'),
(4276, 13, 'B', 0.00, 1, '2025-03-31 21:07:30', '2025-03-31 21:07:30'),
(4279, 15, 'A', 0.00, 1, '2025-03-31 21:08:07', '2025-03-31 21:08:07'),
(4280, 15, 'B', 0.00, 1, '2025-03-31 21:08:07', '2025-03-31 21:08:07'),
(4281, 14, 'A', 0.00, 1, '2025-03-31 21:08:22', '2025-03-31 21:08:22'),
(4282, 14, 'B', 0.00, 1, '2025-03-31 21:08:22', '2025-03-31 21:08:22'),
(4779, 3, 'Cupuaçu ', 0.00, 1, '2025-03-31 21:11:56', '2025-03-31 21:11:56'),
(4780, 3, 'Morango', 0.00, 1, '2025-03-31 21:11:56', '2025-03-31 21:11:56'),
(4781, 3, 'Ninho', 0.00, 1, '2025-03-31 21:11:56', '2025-03-31 21:11:56'),
(4782, 3, 'Chantininho', 0.00, 1, '2025-03-31 21:11:56', '2025-03-31 21:11:56'),
(4783, 3, 'Oreo', 0.00, 1, '2025-03-31 21:11:56', '2025-03-31 21:11:56'),
(4784, 3, 'Maracujá ', 0.00, 1, '2025-03-31 21:11:56', '2025-03-31 21:11:56'),
(4785, 4, 'Calda de Morango ', 0.00, 1, '2025-03-31 21:11:56', '2025-03-31 21:11:56'),
(4786, 4, 'Farinha Láctea ', 0.00, 1, '2025-03-31 21:11:56', '2025-03-31 21:11:56'),
(4787, 4, 'Aveia', 0.00, 1, '2025-03-31 21:11:56', '2025-03-31 21:11:56'),
(4788, 4, 'Flocos de Arroz ', 0.00, 1, '2025-03-31 21:11:56', '2025-03-31 21:11:56'),
(4789, 4, 'Marshmallows', 0.00, 1, '2025-03-31 21:11:56', '2025-03-31 21:11:56'),
(4790, 4, 'Ovomaltine ', 0.00, 1, '2025-03-31 21:11:56', '2025-03-31 21:11:56'),
(4791, 4, 'Tubetes', 0.00, 1, '2025-03-31 21:11:56', '2025-03-31 21:11:56'),
(4792, 4, 'Granola', 0.00, 1, '2025-03-31 21:11:56', '2025-03-31 21:11:56'),
(4793, 4, 'Neston', 0.00, 1, '2025-03-31 21:11:56', '2025-03-31 21:11:56'),
(4794, 4, 'Cereal Nescau', 0.00, 1, '2025-03-31 21:11:56', '2025-03-31 21:11:56'),
(4795, 4, 'Coloreti Ball', 0.00, 1, '2025-03-31 21:11:56', '2025-03-31 21:11:56'),
(4796, 4, 'Cereja', 0.00, 1, '2025-03-31 21:11:56', '2025-03-31 21:11:56'),
(4797, 4, 'Gotas de chocolate ', 0.00, 1, '2025-03-31 21:11:56', '2025-03-31 21:11:56'),
(4798, 4, 'Gotas de chocolate branco ', 0.00, 1, '2025-03-31 21:11:56', '2025-03-31 21:11:56'),
(4799, 4, 'Xerém de Castanha ', 0.00, 1, '2025-03-31 21:11:56', '2025-03-31 21:11:56'),
(4800, 4, 'Creme de Cookies de Chocolate branco ', 0.00, 1, '2025-03-31 21:11:56', '2025-03-31 21:11:56'),
(4801, 4, 'Tapioca', 0.00, 1, '2025-03-31 21:11:56', '2025-03-31 21:11:56'),
(4802, 4, 'Amendoim ', 0.00, 1, '2025-03-31 21:11:56', '2025-03-31 21:11:56'),
(4803, 4, 'Amendoim Triturado', 0.00, 1, '2025-03-31 21:11:56', '2025-03-31 21:11:56'),
(4804, 4, 'Brigadeiro ', 0.00, 1, '2025-03-31 21:11:56', '2025-03-31 21:11:56'),
(4805, 4, 'Calda de Abacaxi ', 0.00, 1, '2025-03-31 21:11:56', '2025-03-31 21:11:56'),
(4806, 4, 'Goma de Bananinha', 0.00, 1, '2025-03-31 21:11:56', '2025-03-31 21:11:56'),
(4807, 4, 'Leite', 0.00, 1, '2025-03-31 21:11:56', '2025-03-31 21:11:56'),
(4808, 4, 'Calda de Ameixa', 0.00, 1, '2025-03-31 21:11:56', '2025-03-31 21:11:56'),
(4809, 4, 'Paçoca ', 0.00, 1, '2025-03-31 21:11:56', '2025-03-31 21:11:56'),
(4810, 4, 'Choco Ball', 0.00, 1, '2025-03-31 21:11:56', '2025-03-31 21:11:56'),
(4811, 4, 'Calda de Maracujá ', 0.00, 1, '2025-03-31 21:11:56', '2025-03-31 21:11:56'),
(4812, 4, 'Uva Passa', 0.00, 1, '2025-03-31 21:11:56', '2025-03-31 21:11:56'),
(4813, 4, 'Amendoim de Chocolate ', 0.00, 1, '2025-03-31 21:11:56', '2025-03-31 21:11:56'),
(4814, 4, 'Sucrilhos', 0.00, 1, '2025-03-31 21:11:56', '2025-03-31 21:11:56'),
(4815, 4, 'Goma de Dentinho', 0.00, 1, '2025-03-31 21:11:56', '2025-03-31 21:11:56'),
(4816, 4, 'Granulado', 0.00, 1, '2025-03-31 21:11:56', '2025-03-31 21:11:56'),
(4817, 5, 'Amora', 0.00, 1, '2025-03-31 21:11:56', '2025-03-31 21:11:56'),
(4818, 5, 'Chocolate de Avelã ', 0.00, 1, '2025-03-31 21:11:56', '2025-03-31 21:11:56'),
(4819, 5, 'Chocolate de Menta', 0.00, 1, '2025-03-31 21:11:56', '2025-03-31 21:11:56'),
(4820, 5, 'Melancia', 0.00, 1, '2025-03-31 21:11:56', '2025-03-31 21:11:56'),
(4821, 5, 'Floresta Negra', 0.00, 1, '2025-03-31 21:11:56', '2025-03-31 21:11:56'),
(4822, 5, 'Morango', 0.00, 1, '2025-03-31 21:11:56', '2025-03-31 21:11:56'),
(4823, 5, 'Banana e Canela', 0.00, 1, '2025-03-31 21:11:56', '2025-03-31 21:11:56'),
(4824, 5, 'Ameixa Preta', 0.00, 1, '2025-03-31 21:11:56', '2025-03-31 21:11:56'),
(4825, 5, 'Maracujá ', 0.00, 1, '2025-03-31 21:11:56', '2025-03-31 21:11:56'),
(4826, 5, 'Coco', 0.00, 1, '2025-03-31 21:11:56', '2025-03-31 21:11:56'),
(4827, 5, 'Chocolate Suíço ', 0.00, 1, '2025-03-31 21:11:56', '2025-03-31 21:11:56'),
(4828, 5, 'Café ', 0.00, 1, '2025-03-31 21:11:56', '2025-03-31 21:11:56'),
(4829, 5, 'Caramelo', 0.00, 1, '2025-03-31 21:11:56', '2025-03-31 21:11:56'),
(4830, 5, 'Cereja', 0.00, 1, '2025-03-31 21:11:56', '2025-03-31 21:11:56'),
(4831, 5, 'Caramelo Salgado', 0.00, 1, '2025-03-31 21:11:56', '2025-03-31 21:11:56'),
(4832, 5, 'Limão ', 0.00, 1, '2025-03-31 21:11:56', '2025-03-31 21:11:56'),
(4833, 5, 'Frutas Vermelhas ', 0.00, 1, '2025-03-31 21:11:56', '2025-03-31 21:11:56'),
(4834, 5, 'Maçã Verde', 0.00, 1, '2025-03-31 21:11:56', '2025-03-31 21:11:56'),
(4835, 5, 'Baunilha', 0.00, 1, '2025-03-31 21:11:56', '2025-03-31 21:11:56'),
(4836, 5, 'Kiwi', 0.00, 1, '2025-03-31 21:11:56', '2025-03-31 21:11:56'),
(4837, 5, 'Banana Caramelizada ', 0.00, 1, '2025-03-31 21:11:56', '2025-03-31 21:11:56'),
(4838, 5, 'Chocolate com Maltine', 0.00, 1, '2025-03-31 21:11:56', '2025-03-31 21:11:56'),
(4839, 5, 'Amendoim ', 0.00, 1, '2025-03-31 21:11:56', '2025-03-31 21:11:56'),
(4840, 5, 'Groselha', 0.00, 1, '2025-03-31 21:11:56', '2025-03-31 21:11:56'),
(4841, 6, 'Morango', 3.00, 1, '2025-03-31 21:11:56', '2025-03-31 21:11:56'),
(4842, 6, 'Ninho', 3.00, 1, '2025-03-31 21:11:56', '2025-03-31 21:11:56'),
(4843, 6, 'Chantininho ', 3.00, 1, '2025-03-31 21:11:56', '2025-03-31 21:11:56'),
(4844, 6, 'Oreo', 0.00, 1, '2025-03-31 21:11:56', '2025-03-31 21:11:56'),
(4845, 6, 'Cupuaçu ', 0.00, 1, '2025-03-31 21:11:56', '2025-03-31 21:11:56'),
(4846, 6, 'Maracujá ', 0.00, 1, '2025-03-31 21:11:56', '2025-03-31 21:11:56'),
(4847, 7, 'Calda de Morango ', 2.00, 1, '2025-03-31 21:11:56', '2025-03-31 21:11:56'),
(4848, 7, 'Farinha Láctea ', 2.00, 1, '2025-03-31 21:11:56', '2025-03-31 21:11:56'),
(4849, 7, 'Aveia', 2.00, 1, '2025-03-31 21:11:56', '2025-03-31 21:11:56'),
(4850, 7, 'Flocos de Arroz ', 2.00, 1, '2025-03-31 21:11:56', '2025-03-31 21:11:56'),
(4851, 7, 'Marshmallows ', 2.00, 1, '2025-03-31 21:11:56', '2025-03-31 21:11:56'),
(4852, 7, 'Ovomaltine ', 2.00, 1, '2025-03-31 21:11:56', '2025-03-31 21:11:56'),
(4853, 7, 'Tubetes ', 2.00, 1, '2025-03-31 21:11:56', '2025-03-31 21:11:56'),
(4854, 7, 'Granola', 2.00, 1, '2025-03-31 21:11:56', '2025-03-31 21:11:56'),
(4855, 7, 'Neston ', 2.00, 1, '2025-03-31 21:11:56', '2025-03-31 21:11:56'),
(4856, 7, 'Cereal Nescau', 2.00, 1, '2025-03-31 21:11:56', '2025-03-31 21:11:56'),
(4857, 7, 'Coloreti Ball ', 2.00, 1, '2025-03-31 21:11:56', '2025-03-31 21:11:56'),
(4858, 7, 'Cereja', 2.00, 1, '2025-03-31 21:11:56', '2025-03-31 21:11:56'),
(4859, 7, 'Gostas de chocolate ', 2.00, 1, '2025-03-31 21:11:56', '2025-03-31 21:11:56'),
(4860, 7, 'Gotas de chocolate branco', 2.00, 1, '2025-03-31 21:11:56', '2025-03-31 21:11:56'),
(4861, 7, 'Xerém de Castanha ', 2.00, 1, '2025-03-31 21:11:56', '2025-03-31 21:11:56'),
(4862, 7, 'Creme de Cookies de chocolate ', 2.00, 1, '2025-03-31 21:11:56', '2025-03-31 21:11:56'),
(4863, 7, 'Creme de Cookies de chocolate branco ', 2.00, 1, '2025-03-31 21:11:56', '2025-03-31 21:11:56'),
(4864, 7, 'Tapioca', 2.00, 1, '2025-03-31 21:11:56', '2025-03-31 21:11:56'),
(4865, 7, 'Amendoim ', 2.00, 1, '2025-03-31 21:11:56', '2025-03-31 21:11:56'),
(4866, 7, 'Brigadeiro ', 2.00, 1, '2025-03-31 21:11:56', '2025-03-31 21:11:56'),
(4867, 7, 'Calda de Abacaxi ', 2.00, 1, '2025-03-31 21:11:56', '2025-03-31 21:11:56'),
(4868, 7, 'Amendoim Triturado ', 2.00, 1, '2025-03-31 21:11:56', '2025-03-31 21:11:56'),
(4869, 7, 'Goma de Bananinha ', 2.00, 1, '2025-03-31 21:11:56', '2025-03-31 21:11:56'),
(4870, 7, 'Leite', 2.00, 1, '2025-03-31 21:11:56', '2025-03-31 21:11:56'),
(4871, 7, 'Calda de ameixa', 2.00, 1, '2025-03-31 21:11:56', '2025-03-31 21:11:56'),
(4872, 7, 'Paçoca ', 2.00, 1, '2025-03-31 21:11:56', '2025-03-31 21:11:56'),
(4873, 7, 'Choco Ball ', 2.00, 1, '2025-03-31 21:11:56', '2025-03-31 21:11:56'),
(4874, 7, 'Calda de Maracujá ', 2.00, 1, '2025-03-31 21:11:56', '2025-03-31 21:11:56'),
(4875, 7, 'Uva passa', 2.00, 1, '2025-03-31 21:11:56', '2025-03-31 21:11:56'),
(4876, 7, 'Amendoim de chocolate ', 2.00, 1, '2025-03-31 21:11:56', '2025-03-31 21:11:56'),
(4877, 7, 'Sucrilhos ', 2.00, 1, '2025-03-31 21:11:56', '2025-03-31 21:11:56'),
(4878, 7, 'Goma de Dentinho ', 2.00, 1, '2025-03-31 21:11:56', '2025-03-31 21:11:56'),
(4879, 7, 'Granulado', 2.00, 1, '2025-03-31 21:11:56', '2025-03-31 21:11:56'),
(4880, 7, 'Amendoim colorido ', 2.00, 1, '2025-03-31 21:11:56', '2025-03-31 21:11:56'),
(4881, 7, 'Jujuba', 2.00, 1, '2025-03-31 21:11:56', '2025-03-31 21:11:56'),
(4882, 7, 'Granola', 2.00, 1, '2025-03-31 21:11:56', '2025-03-31 21:11:56'),
(4883, 8, 'Morango', 3.00, 1, '2025-03-31 21:11:56', '2025-03-31 21:11:56'),
(4884, 8, 'Banana', 2.00, 1, '2025-03-31 21:11:56', '2025-03-31 21:11:56'),
(4885, 8, 'Uva passa ', 2.00, 1, '2025-03-31 21:11:56', '2025-03-31 21:11:56'),
(4886, 8, 'Kiwi ', 2.00, 1, '2025-03-31 21:11:56', '2025-03-31 21:11:56'),
(4887, 9, 'Tapioca', 3.00, 1, '2025-03-31 21:11:56', '2025-03-31 21:11:56'),
(4888, 9, 'Creme com passas', 3.00, 1, '2025-03-31 21:11:56', '2025-03-31 21:11:56'),
(4889, 9, 'Napolitano', 3.00, 1, '2025-03-31 21:11:56', '2025-03-31 21:11:56'),
(4890, 9, 'Ouro Branco ', 3.00, 1, '2025-03-31 21:11:56', '2025-03-31 21:11:56'),
(4891, 9, 'Cacetada', 3.00, 1, '2025-03-31 21:11:56', '2025-03-31 21:11:56'),
(4892, 9, 'Abacaxi', 3.00, 1, '2025-03-31 21:11:56', '2025-03-31 21:11:56'),
(4893, 9, 'Coco', 3.00, 1, '2025-03-31 21:11:56', '2025-03-31 21:11:56'),
(4894, 9, 'Ninho Trufado ', 3.00, 1, '2025-03-31 21:11:56', '2025-03-31 21:11:56'),
(4895, 9, 'Bacuri', 3.00, 1, '2025-03-31 21:11:56', '2025-03-31 21:11:56'),
(4896, 9, 'Morango', 3.00, 1, '2025-03-31 21:11:56', '2025-03-31 21:11:56'),
(4897, 9, 'Flocos', 3.00, 1, '2025-03-31 21:11:56', '2025-03-31 21:11:56'),
(4898, 9, 'Sonho', 3.00, 1, '2025-03-31 21:11:56', '2025-03-31 21:11:56'),
(5023, 24, 'Cupuaçu ', 0.00, 1, '2025-03-31 21:13:31', '2025-03-31 21:13:31'),
(5024, 24, 'Morango', 0.00, 1, '2025-03-31 21:13:31', '2025-03-31 21:13:31'),
(5025, 24, 'Ninho', 0.00, 1, '2025-03-31 21:13:31', '2025-03-31 21:13:31'),
(5026, 24, 'Chantininho', 0.00, 1, '2025-03-31 21:13:31', '2025-03-31 21:13:31'),
(5027, 24, 'Oreo', 0.00, 1, '2025-03-31 21:13:31', '2025-03-31 21:13:31'),
(5028, 24, 'Maracujá ', 0.00, 1, '2025-03-31 21:13:31', '2025-03-31 21:13:31'),
(5029, 25, 'Calda de Morango ', 0.00, 1, '2025-03-31 21:13:31', '2025-03-31 21:13:31'),
(5030, 25, 'Farinha Láctea ', 0.00, 1, '2025-03-31 21:13:31', '2025-03-31 21:13:31'),
(5031, 25, 'Aveia', 0.00, 1, '2025-03-31 21:13:31', '2025-03-31 21:13:31'),
(5032, 25, 'Flocos de Arroz ', 0.00, 1, '2025-03-31 21:13:31', '2025-03-31 21:13:31'),
(5033, 25, 'Marshmallows', 0.00, 1, '2025-03-31 21:13:31', '2025-03-31 21:13:31'),
(5034, 25, 'Ovomaltine ', 0.00, 1, '2025-03-31 21:13:31', '2025-03-31 21:13:31'),
(5035, 25, 'Tubetes', 0.00, 1, '2025-03-31 21:13:31', '2025-03-31 21:13:31'),
(5036, 25, 'Granola', 0.00, 1, '2025-03-31 21:13:31', '2025-03-31 21:13:31'),
(5037, 25, 'Neston', 0.00, 1, '2025-03-31 21:13:31', '2025-03-31 21:13:31'),
(5038, 25, 'Cereal Nescau', 0.00, 1, '2025-03-31 21:13:31', '2025-03-31 21:13:31'),
(5039, 25, 'Coloreti Ball', 0.00, 1, '2025-03-31 21:13:31', '2025-03-31 21:13:31'),
(5040, 25, 'Cereja', 0.00, 1, '2025-03-31 21:13:31', '2025-03-31 21:13:31'),
(5041, 25, 'Gotas de chocolate ', 0.00, 1, '2025-03-31 21:13:31', '2025-03-31 21:13:31'),
(5042, 25, 'Gotas de chocolate branco ', 0.00, 1, '2025-03-31 21:13:31', '2025-03-31 21:13:31'),
(5043, 25, 'Xerém de Castanha ', 0.00, 1, '2025-03-31 21:13:31', '2025-03-31 21:13:31'),
(5044, 25, 'Creme de Cookies de Chocolate branco ', 0.00, 1, '2025-03-31 21:13:31', '2025-03-31 21:13:31'),
(5045, 25, 'Tapioca', 0.00, 1, '2025-03-31 21:13:31', '2025-03-31 21:13:31'),
(5046, 25, 'Amendoim ', 0.00, 1, '2025-03-31 21:13:31', '2025-03-31 21:13:31'),
(5047, 25, 'Amendoim Triturado', 0.00, 1, '2025-03-31 21:13:31', '2025-03-31 21:13:31'),
(5048, 25, 'Brigadeiro ', 0.00, 1, '2025-03-31 21:13:31', '2025-03-31 21:13:31'),
(5049, 25, 'Calda de Abacaxi ', 0.00, 1, '2025-03-31 21:13:31', '2025-03-31 21:13:31'),
(5050, 25, 'Goma de Bananinha', 0.00, 1, '2025-03-31 21:13:31', '2025-03-31 21:13:31'),
(5051, 25, 'Leite', 0.00, 1, '2025-03-31 21:13:31', '2025-03-31 21:13:31'),
(5052, 25, 'Calda de Ameixa', 0.00, 1, '2025-03-31 21:13:31', '2025-03-31 21:13:31'),
(5053, 25, 'Paçoca ', 0.00, 1, '2025-03-31 21:13:31', '2025-03-31 21:13:31'),
(5054, 25, 'Choco Ball', 0.00, 1, '2025-03-31 21:13:31', '2025-03-31 21:13:31'),
(5055, 25, 'Calda de Maracujá ', 0.00, 1, '2025-03-31 21:13:31', '2025-03-31 21:13:31'),
(5056, 25, 'Uva Passa', 0.00, 1, '2025-03-31 21:13:31', '2025-03-31 21:13:31'),
(5057, 25, 'Amendoim de Chocolate ', 0.00, 1, '2025-03-31 21:13:31', '2025-03-31 21:13:31'),
(5058, 25, 'Sucrilhos', 0.00, 1, '2025-03-31 21:13:31', '2025-03-31 21:13:31'),
(5059, 25, 'Goma de Dentinho', 0.00, 1, '2025-03-31 21:13:31', '2025-03-31 21:13:31'),
(5060, 25, 'Granulado', 0.00, 1, '2025-03-31 21:13:31', '2025-03-31 21:13:31'),
(5061, 26, 'Amora', 0.00, 1, '2025-03-31 21:13:31', '2025-03-31 21:13:31'),
(5062, 26, 'Chocolate de Avelã ', 0.00, 1, '2025-03-31 21:13:31', '2025-03-31 21:13:31'),
(5063, 26, 'Chocolate de Menta', 0.00, 1, '2025-03-31 21:13:31', '2025-03-31 21:13:31'),
(5064, 26, 'Melancia', 0.00, 1, '2025-03-31 21:13:31', '2025-03-31 21:13:31'),
(5065, 26, 'Floresta Negra', 0.00, 1, '2025-03-31 21:13:31', '2025-03-31 21:13:31'),
(5066, 26, 'Morango', 0.00, 1, '2025-03-31 21:13:31', '2025-03-31 21:13:31'),
(5067, 26, 'Banana e Canela', 0.00, 1, '2025-03-31 21:13:31', '2025-03-31 21:13:31'),
(5068, 26, 'Ameixa Preta', 0.00, 1, '2025-03-31 21:13:31', '2025-03-31 21:13:31'),
(5069, 26, 'Maracujá ', 0.00, 1, '2025-03-31 21:13:31', '2025-03-31 21:13:31'),
(5070, 26, 'Coco', 0.00, 1, '2025-03-31 21:13:31', '2025-03-31 21:13:31'),
(5071, 26, 'Chocolate Suíço ', 0.00, 1, '2025-03-31 21:13:31', '2025-03-31 21:13:31'),
(5072, 26, 'Café ', 0.00, 1, '2025-03-31 21:13:31', '2025-03-31 21:13:31'),
(5073, 26, 'Caramelo', 0.00, 1, '2025-03-31 21:13:31', '2025-03-31 21:13:31'),
(5074, 26, 'Cereja', 0.00, 1, '2025-03-31 21:13:31', '2025-03-31 21:13:31'),
(5075, 26, 'Caramelo Salgado', 0.00, 1, '2025-03-31 21:13:31', '2025-03-31 21:13:31'),
(5076, 26, 'Limão ', 0.00, 1, '2025-03-31 21:13:31', '2025-03-31 21:13:31'),
(5077, 26, 'Frutas Vermelhas ', 0.00, 1, '2025-03-31 21:13:31', '2025-03-31 21:13:31'),
(5078, 26, 'Maçã Verde', 0.00, 1, '2025-03-31 21:13:31', '2025-03-31 21:13:31'),
(5079, 26, 'Baunilha', 0.00, 1, '2025-03-31 21:13:31', '2025-03-31 21:13:31'),
(5080, 26, 'Kiwi', 0.00, 1, '2025-03-31 21:13:31', '2025-03-31 21:13:31'),
(5081, 26, 'Banana Caramelizada ', 0.00, 1, '2025-03-31 21:13:31', '2025-03-31 21:13:31'),
(5082, 26, 'Chocolate com Maltine', 0.00, 1, '2025-03-31 21:13:31', '2025-03-31 21:13:31'),
(5083, 26, 'Amendoim ', 0.00, 1, '2025-03-31 21:13:31', '2025-03-31 21:13:31'),
(5084, 26, 'Groselha', 0.00, 1, '2025-03-31 21:13:31', '2025-03-31 21:13:31'),
(5085, 27, 'Morango', 3.00, 1, '2025-03-31 21:13:31', '2025-03-31 21:13:31'),
(5086, 27, 'Ninho', 3.00, 1, '2025-03-31 21:13:31', '2025-03-31 21:13:31'),
(5087, 27, 'Chantininho ', 3.00, 1, '2025-03-31 21:13:31', '2025-03-31 21:13:31'),
(5088, 27, 'Oreo', 0.00, 1, '2025-03-31 21:13:31', '2025-03-31 21:13:31'),
(5089, 27, 'Cupuaçu ', 0.00, 1, '2025-03-31 21:13:31', '2025-03-31 21:13:31'),
(5090, 27, 'Maracujá ', 0.00, 1, '2025-03-31 21:13:31', '2025-03-31 21:13:31'),
(5091, 28, 'Calda de Morango ', 2.00, 1, '2025-03-31 21:13:31', '2025-03-31 21:13:31'),
(5092, 28, 'Farinha Láctea ', 2.00, 1, '2025-03-31 21:13:31', '2025-03-31 21:13:31'),
(5093, 28, 'Aveia', 2.00, 1, '2025-03-31 21:13:31', '2025-03-31 21:13:31'),
(5094, 28, 'Flocos de Arroz ', 2.00, 1, '2025-03-31 21:13:31', '2025-03-31 21:13:31'),
(5095, 28, 'Marshmallows ', 2.00, 1, '2025-03-31 21:13:31', '2025-03-31 21:13:31'),
(5096, 28, 'Ovomaltine ', 2.00, 1, '2025-03-31 21:13:31', '2025-03-31 21:13:31'),
(5097, 28, 'Tubetes ', 2.00, 1, '2025-03-31 21:13:31', '2025-03-31 21:13:31'),
(5098, 28, 'Granola', 2.00, 1, '2025-03-31 21:13:31', '2025-03-31 21:13:31'),
(5099, 28, 'Neston ', 2.00, 1, '2025-03-31 21:13:31', '2025-03-31 21:13:31'),
(5100, 28, 'Cereal Nescau', 2.00, 1, '2025-03-31 21:13:31', '2025-03-31 21:13:31'),
(5101, 28, 'Coloreti Ball ', 2.00, 1, '2025-03-31 21:13:31', '2025-03-31 21:13:31'),
(5102, 28, 'Cereja', 2.00, 1, '2025-03-31 21:13:31', '2025-03-31 21:13:31'),
(5103, 28, 'Gostas de chocolate ', 2.00, 1, '2025-03-31 21:13:31', '2025-03-31 21:13:31'),
(5104, 28, 'Gotas de chocolate branco', 2.00, 1, '2025-03-31 21:13:31', '2025-03-31 21:13:31'),
(5105, 28, 'Xerém de Castanha ', 2.00, 1, '2025-03-31 21:13:31', '2025-03-31 21:13:31'),
(5106, 28, 'Creme de Cookies de chocolate ', 2.00, 1, '2025-03-31 21:13:31', '2025-03-31 21:13:31'),
(5107, 28, 'Creme de Cookies de chocolate branco ', 2.00, 1, '2025-03-31 21:13:31', '2025-03-31 21:13:31'),
(5108, 28, 'Tapioca', 2.00, 1, '2025-03-31 21:13:31', '2025-03-31 21:13:31'),
(5109, 28, 'Amendoim ', 2.00, 1, '2025-03-31 21:13:31', '2025-03-31 21:13:31'),
(5110, 28, 'Brigadeiro ', 2.00, 1, '2025-03-31 21:13:31', '2025-03-31 21:13:31'),
(5111, 28, 'Calda de Abacaxi ', 2.00, 1, '2025-03-31 21:13:31', '2025-03-31 21:13:31'),
(5112, 28, 'Amendoim Triturado ', 2.00, 1, '2025-03-31 21:13:31', '2025-03-31 21:13:31'),
(5113, 28, 'Goma de Bananinha ', 2.00, 1, '2025-03-31 21:13:31', '2025-03-31 21:13:31'),
(5114, 28, 'Leite', 2.00, 1, '2025-03-31 21:13:31', '2025-03-31 21:13:31'),
(5115, 28, 'Calda de ameixa', 2.00, 1, '2025-03-31 21:13:31', '2025-03-31 21:13:31'),
(5116, 28, 'Paçoca ', 2.00, 1, '2025-03-31 21:13:31', '2025-03-31 21:13:31'),
(5117, 28, 'Choco Ball ', 2.00, 1, '2025-03-31 21:13:31', '2025-03-31 21:13:31'),
(5118, 28, 'Calda de Maracujá ', 2.00, 1, '2025-03-31 21:13:31', '2025-03-31 21:13:31'),
(5119, 28, 'Uva passa', 2.00, 1, '2025-03-31 21:13:31', '2025-03-31 21:13:31'),
(5120, 28, 'Amendoim de chocolate ', 2.00, 1, '2025-03-31 21:13:31', '2025-03-31 21:13:31'),
(5121, 28, 'Sucrilhos ', 2.00, 1, '2025-03-31 21:13:31', '2025-03-31 21:13:31'),
(5122, 28, 'Goma de Dentinho ', 2.00, 1, '2025-03-31 21:13:31', '2025-03-31 21:13:31'),
(5123, 28, 'Granulado', 2.00, 1, '2025-03-31 21:13:31', '2025-03-31 21:13:31'),
(5124, 28, 'Amendoim colorido ', 2.00, 1, '2025-03-31 21:13:31', '2025-03-31 21:13:31'),
(5125, 28, 'Jujuba', 2.00, 1, '2025-03-31 21:13:31', '2025-03-31 21:13:31'),
(5126, 28, 'Granola', 2.00, 1, '2025-03-31 21:13:31', '2025-03-31 21:13:31'),
(5127, 29, 'Morango', 3.00, 1, '2025-03-31 21:13:31', '2025-03-31 21:13:31'),
(5128, 29, 'Banana', 2.00, 1, '2025-03-31 21:13:31', '2025-03-31 21:13:31'),
(5129, 29, 'Uva passa ', 2.00, 1, '2025-03-31 21:13:31', '2025-03-31 21:13:31'),
(5130, 29, 'Kiwi ', 2.00, 1, '2025-03-31 21:13:31', '2025-03-31 21:13:31'),
(5131, 30, 'Tapioca', 3.00, 1, '2025-03-31 21:13:31', '2025-03-31 21:13:31'),
(5132, 30, 'Creme com passas', 3.00, 1, '2025-03-31 21:13:31', '2025-03-31 21:13:31'),
(5133, 30, 'Napolitano', 3.00, 1, '2025-03-31 21:13:31', '2025-03-31 21:13:31'),
(5134, 30, 'Ouro Branco ', 3.00, 1, '2025-03-31 21:13:31', '2025-03-31 21:13:31'),
(5135, 30, 'Cacetada', 3.00, 1, '2025-03-31 21:13:31', '2025-03-31 21:13:31'),
(5136, 30, 'Abacaxi', 3.00, 1, '2025-03-31 21:13:31', '2025-03-31 21:13:31'),
(5137, 30, 'Coco', 3.00, 1, '2025-03-31 21:13:31', '2025-03-31 21:13:31'),
(5138, 30, 'Ninho Trufado ', 3.00, 1, '2025-03-31 21:13:31', '2025-03-31 21:13:31'),
(5139, 30, 'Bacuri', 3.00, 1, '2025-03-31 21:13:31', '2025-03-31 21:13:31'),
(5140, 30, 'Morango', 3.00, 1, '2025-03-31 21:13:31', '2025-03-31 21:13:31'),
(5141, 30, 'Flocos', 3.00, 1, '2025-03-31 21:13:31', '2025-03-31 21:13:31'),
(5142, 30, 'Sonho', 3.00, 1, '2025-03-31 21:13:31', '2025-03-31 21:13:31'),
(5143, 31, 'Morango', 0.00, 1, '2025-03-31 21:13:31', '2025-03-31 21:13:31'),
(5144, 31, 'Banana', 0.00, 1, '2025-03-31 21:13:31', '2025-03-31 21:13:31'),
(5145, 31, 'Uva passar', 0.00, 1, '2025-03-31 21:13:31', '2025-03-31 21:13:31'),
(5146, 31, 'Kiwi', 0.00, 1, '2025-03-31 21:13:31', '2025-03-31 21:13:31'),
(5391, 16, 'Cupuaçu ', 0.00, 1, '2025-03-31 21:19:53', '2025-03-31 21:19:53'),
(5392, 16, 'Morango', 0.00, 1, '2025-03-31 21:19:53', '2025-03-31 21:19:53'),
(5393, 16, 'Ninho', 0.00, 1, '2025-03-31 21:19:53', '2025-03-31 21:19:53'),
(5394, 16, 'Chantininho', 0.00, 1, '2025-03-31 21:19:53', '2025-03-31 21:19:53'),
(5395, 16, 'Oreo', 0.00, 1, '2025-03-31 21:19:53', '2025-03-31 21:19:53'),
(5396, 16, 'Maracujá ', 0.00, 1, '2025-03-31 21:19:53', '2025-03-31 21:19:53'),
(5397, 17, 'Calda de Morango ', 0.00, 1, '2025-03-31 21:19:53', '2025-03-31 21:19:53'),
(5398, 17, 'Farinha Láctea ', 0.00, 1, '2025-03-31 21:19:53', '2025-03-31 21:19:53'),
(5399, 17, 'Aveia', 0.00, 1, '2025-03-31 21:19:53', '2025-03-31 21:19:53'),
(5400, 17, 'Flocos de Arroz ', 0.00, 1, '2025-03-31 21:19:53', '2025-03-31 21:19:53'),
(5401, 17, 'Marshmallows', 0.00, 1, '2025-03-31 21:19:53', '2025-03-31 21:19:53'),
(5402, 17, 'Ovomaltine ', 0.00, 1, '2025-03-31 21:19:53', '2025-03-31 21:19:53'),
(5403, 17, 'Tubetes', 0.00, 1, '2025-03-31 21:19:53', '2025-03-31 21:19:53'),
(5404, 17, 'Granola', 0.00, 1, '2025-03-31 21:19:53', '2025-03-31 21:19:53'),
(5405, 17, 'Neston', 0.00, 1, '2025-03-31 21:19:53', '2025-03-31 21:19:53'),
(5406, 17, 'Cereal Nescau', 0.00, 1, '2025-03-31 21:19:53', '2025-03-31 21:19:53'),
(5407, 17, 'Coloreti Ball', 0.00, 1, '2025-03-31 21:19:53', '2025-03-31 21:19:53'),
(5408, 17, 'Cereja', 0.00, 1, '2025-03-31 21:19:53', '2025-03-31 21:19:53'),
(5409, 17, 'Gotas de chocolate ', 0.00, 1, '2025-03-31 21:19:53', '2025-03-31 21:19:53'),
(5410, 17, 'Gotas de chocolate branco ', 0.00, 1, '2025-03-31 21:19:53', '2025-03-31 21:19:53'),
(5411, 17, 'Xerém de Castanha ', 0.00, 1, '2025-03-31 21:19:53', '2025-03-31 21:19:53'),
(5412, 17, 'Creme de Cookies de Chocolate branco ', 0.00, 1, '2025-03-31 21:19:53', '2025-03-31 21:19:53'),
(5413, 17, 'Tapioca', 0.00, 1, '2025-03-31 21:19:53', '2025-03-31 21:19:53'),
(5414, 17, 'Amendoim ', 0.00, 1, '2025-03-31 21:19:53', '2025-03-31 21:19:53'),
(5415, 17, 'Amendoim Triturado', 0.00, 1, '2025-03-31 21:19:53', '2025-03-31 21:19:53'),
(5416, 17, 'Brigadeiro ', 0.00, 1, '2025-03-31 21:19:53', '2025-03-31 21:19:53'),
(5417, 17, 'Calda de Abacaxi ', 0.00, 1, '2025-03-31 21:19:53', '2025-03-31 21:19:53'),
(5418, 17, 'Goma de Bananinha', 0.00, 1, '2025-03-31 21:19:53', '2025-03-31 21:19:53'),
(5419, 17, 'Leite', 0.00, 1, '2025-03-31 21:19:53', '2025-03-31 21:19:53'),
(5420, 17, 'Calda de Ameixa', 0.00, 1, '2025-03-31 21:19:53', '2025-03-31 21:19:53'),
(5421, 17, 'Paçoca ', 0.00, 1, '2025-03-31 21:19:53', '2025-03-31 21:19:53'),
(5422, 17, 'Choco Ball', 0.00, 1, '2025-03-31 21:19:53', '2025-03-31 21:19:53'),
(5423, 17, 'Calda de Maracujá ', 0.00, 1, '2025-03-31 21:19:53', '2025-03-31 21:19:53'),
(5424, 17, 'Uva Passa', 0.00, 1, '2025-03-31 21:19:53', '2025-03-31 21:19:53'),
(5425, 17, 'Amendoim de Chocolate ', 0.00, 1, '2025-03-31 21:19:53', '2025-03-31 21:19:53'),
(5426, 17, 'Sucrilhos', 0.00, 1, '2025-03-31 21:19:53', '2025-03-31 21:19:53'),
(5427, 17, 'Goma de Dentinho', 0.00, 1, '2025-03-31 21:19:53', '2025-03-31 21:19:53'),
(5428, 17, 'Granulado', 0.00, 1, '2025-03-31 21:19:53', '2025-03-31 21:19:53'),
(5429, 18, 'Amora', 0.00, 1, '2025-03-31 21:19:53', '2025-03-31 21:19:53'),
(5430, 18, 'Chocolate de Avelã ', 0.00, 1, '2025-03-31 21:19:53', '2025-03-31 21:19:53'),
(5431, 18, 'Chocolate de Menta', 0.00, 1, '2025-03-31 21:19:53', '2025-03-31 21:19:53'),
(5432, 18, 'Melancia', 0.00, 1, '2025-03-31 21:19:53', '2025-03-31 21:19:53'),
(5433, 18, 'Floresta Negra', 0.00, 1, '2025-03-31 21:19:53', '2025-03-31 21:19:53'),
(5434, 18, 'Morango', 0.00, 1, '2025-03-31 21:19:53', '2025-03-31 21:19:53'),
(5435, 18, 'Banana e Canela', 0.00, 1, '2025-03-31 21:19:53', '2025-03-31 21:19:53'),
(5436, 18, 'Ameixa Preta', 0.00, 1, '2025-03-31 21:19:53', '2025-03-31 21:19:53'),
(5437, 18, 'Maracujá ', 0.00, 1, '2025-03-31 21:19:53', '2025-03-31 21:19:53'),
(5438, 18, 'Coco', 0.00, 1, '2025-03-31 21:19:53', '2025-03-31 21:19:53'),
(5439, 18, 'Chocolate Suíço ', 0.00, 1, '2025-03-31 21:19:53', '2025-03-31 21:19:53'),
(5440, 18, 'Café ', 0.00, 1, '2025-03-31 21:19:53', '2025-03-31 21:19:53'),
(5441, 18, 'Caramelo', 0.00, 1, '2025-03-31 21:19:53', '2025-03-31 21:19:53'),
(5442, 18, 'Cereja', 0.00, 1, '2025-03-31 21:19:53', '2025-03-31 21:19:53'),
(5443, 18, 'Caramelo Salgado', 0.00, 1, '2025-03-31 21:19:53', '2025-03-31 21:19:53'),
(5444, 18, 'Limão ', 0.00, 1, '2025-03-31 21:19:53', '2025-03-31 21:19:53'),
(5445, 18, 'Frutas Vermelhas ', 0.00, 1, '2025-03-31 21:19:53', '2025-03-31 21:19:53'),
(5446, 18, 'Maçã Verde', 0.00, 1, '2025-03-31 21:19:53', '2025-03-31 21:19:53'),
(5447, 18, 'Baunilha', 0.00, 1, '2025-03-31 21:19:53', '2025-03-31 21:19:53'),
(5448, 18, 'Kiwi', 0.00, 1, '2025-03-31 21:19:53', '2025-03-31 21:19:53'),
(5449, 18, 'Banana Caramelizada ', 0.00, 1, '2025-03-31 21:19:53', '2025-03-31 21:19:53'),
(5450, 18, 'Chocolate com Maltine', 0.00, 1, '2025-03-31 21:19:53', '2025-03-31 21:19:53'),
(5451, 18, 'Amendoim ', 0.00, 1, '2025-03-31 21:19:53', '2025-03-31 21:19:53'),
(5452, 18, 'Groselha', 0.00, 1, '2025-03-31 21:19:53', '2025-03-31 21:19:53'),
(5453, 19, 'Morango', 3.00, 1, '2025-03-31 21:19:53', '2025-03-31 21:19:53'),
(5454, 19, 'Ninho', 3.00, 1, '2025-03-31 21:19:53', '2025-03-31 21:19:53'),
(5455, 19, 'Chantininho ', 3.00, 1, '2025-03-31 21:19:53', '2025-03-31 21:19:53'),
(5456, 19, 'Oreo', 0.00, 1, '2025-03-31 21:19:53', '2025-03-31 21:19:53'),
(5457, 19, 'Cupuaçu ', 0.00, 1, '2025-03-31 21:19:53', '2025-03-31 21:19:53'),
(5458, 19, 'Maracujá ', 0.00, 1, '2025-03-31 21:19:53', '2025-03-31 21:19:53'),
(5459, 20, 'Calda de Morango ', 2.00, 1, '2025-03-31 21:19:53', '2025-03-31 21:19:53'),
(5460, 20, 'Farinha Láctea ', 2.00, 1, '2025-03-31 21:19:53', '2025-03-31 21:19:53'),
(5461, 20, 'Aveia', 2.00, 1, '2025-03-31 21:19:53', '2025-03-31 21:19:53'),
(5462, 20, 'Flocos de Arroz ', 2.00, 1, '2025-03-31 21:19:53', '2025-03-31 21:19:53'),
(5463, 20, 'Marshmallows ', 2.00, 1, '2025-03-31 21:19:53', '2025-03-31 21:19:53'),
(5464, 20, 'Ovomaltine ', 2.00, 1, '2025-03-31 21:19:53', '2025-03-31 21:19:53'),
(5465, 20, 'Tubetes ', 2.00, 1, '2025-03-31 21:19:53', '2025-03-31 21:19:53'),
(5466, 20, 'Granola', 2.00, 1, '2025-03-31 21:19:53', '2025-03-31 21:19:53'),
(5467, 20, 'Neston ', 2.00, 1, '2025-03-31 21:19:53', '2025-03-31 21:19:53'),
(5468, 20, 'Cereal Nescau', 2.00, 1, '2025-03-31 21:19:53', '2025-03-31 21:19:53'),
(5469, 20, 'Coloreti Ball ', 2.00, 1, '2025-03-31 21:19:53', '2025-03-31 21:19:53'),
(5470, 20, 'Cereja', 2.00, 1, '2025-03-31 21:19:53', '2025-03-31 21:19:53'),
(5471, 20, 'Gostas de chocolate ', 2.00, 1, '2025-03-31 21:19:53', '2025-03-31 21:19:53'),
(5472, 20, 'Gotas de chocolate branco', 2.00, 1, '2025-03-31 21:19:53', '2025-03-31 21:19:53'),
(5473, 20, 'Xerém de Castanha ', 2.00, 1, '2025-03-31 21:19:53', '2025-03-31 21:19:53'),
(5474, 20, 'Creme de Cookies de chocolate ', 2.00, 1, '2025-03-31 21:19:53', '2025-03-31 21:19:53'),
(5475, 20, 'Creme de Cookies de chocolate branco ', 2.00, 1, '2025-03-31 21:19:53', '2025-03-31 21:19:53'),
(5476, 20, 'Tapioca', 2.00, 1, '2025-03-31 21:19:53', '2025-03-31 21:19:53'),
(5477, 20, 'Amendoim ', 2.00, 1, '2025-03-31 21:19:53', '2025-03-31 21:19:53'),
(5478, 20, 'Brigadeiro ', 2.00, 1, '2025-03-31 21:19:53', '2025-03-31 21:19:53'),
(5479, 20, 'Calda de Abacaxi ', 2.00, 1, '2025-03-31 21:19:53', '2025-03-31 21:19:53'),
(5480, 20, 'Amendoim Triturado ', 2.00, 1, '2025-03-31 21:19:53', '2025-03-31 21:19:53'),
(5481, 20, 'Goma de Bananinha ', 2.00, 1, '2025-03-31 21:19:53', '2025-03-31 21:19:53'),
(5482, 20, 'Leite', 2.00, 1, '2025-03-31 21:19:53', '2025-03-31 21:19:53'),
(5483, 20, 'Calda de ameixa', 2.00, 1, '2025-03-31 21:19:53', '2025-03-31 21:19:53'),
(5484, 20, 'Paçoca ', 2.00, 1, '2025-03-31 21:19:53', '2025-03-31 21:19:53'),
(5485, 20, 'Choco Ball ', 2.00, 1, '2025-03-31 21:19:53', '2025-03-31 21:19:53'),
(5486, 20, 'Calda de Maracujá ', 2.00, 1, '2025-03-31 21:19:53', '2025-03-31 21:19:53'),
(5487, 20, 'Uva passa', 2.00, 1, '2025-03-31 21:19:53', '2025-03-31 21:19:53'),
(5488, 20, 'Amendoim de chocolate ', 2.00, 1, '2025-03-31 21:19:53', '2025-03-31 21:19:53'),
(5489, 20, 'Sucrilhos ', 2.00, 1, '2025-03-31 21:19:53', '2025-03-31 21:19:53'),
(5490, 20, 'Goma de Dentinho ', 2.00, 1, '2025-03-31 21:19:53', '2025-03-31 21:19:53'),
(5491, 20, 'Granulado', 2.00, 1, '2025-03-31 21:19:53', '2025-03-31 21:19:53'),
(5492, 20, 'Amendoim colorido ', 2.00, 1, '2025-03-31 21:19:53', '2025-03-31 21:19:53'),
(5493, 20, 'Jujuba', 2.00, 1, '2025-03-31 21:19:53', '2025-03-31 21:19:53'),
(5494, 20, 'Granola', 2.00, 1, '2025-03-31 21:19:53', '2025-03-31 21:19:53'),
(5495, 21, 'Morango', 3.00, 1, '2025-03-31 21:19:53', '2025-03-31 21:19:53'),
(5496, 21, 'Banana', 2.00, 1, '2025-03-31 21:19:53', '2025-03-31 21:19:53'),
(5497, 21, 'Uva passa ', 2.00, 1, '2025-03-31 21:19:53', '2025-03-31 21:19:53'),
(5498, 21, 'Kiwi ', 2.00, 1, '2025-03-31 21:19:53', '2025-03-31 21:19:53'),
(5499, 22, 'Tapioca', 3.00, 1, '2025-03-31 21:19:53', '2025-03-31 21:19:53'),
(5500, 22, 'Creme com passas', 3.00, 1, '2025-03-31 21:19:53', '2025-03-31 21:19:53'),
(5501, 22, 'Napolitano', 3.00, 1, '2025-03-31 21:19:53', '2025-03-31 21:19:53'),
(5502, 22, 'Ouro Branco ', 3.00, 1, '2025-03-31 21:19:53', '2025-03-31 21:19:53'),
(5503, 22, 'Cacetada', 3.00, 1, '2025-03-31 21:19:53', '2025-03-31 21:19:53'),
(5504, 22, 'Abacaxi', 3.00, 1, '2025-03-31 21:19:53', '2025-03-31 21:19:53'),
(5505, 22, 'Coco', 3.00, 1, '2025-03-31 21:19:53', '2025-03-31 21:19:53'),
(5506, 22, 'Ninho Trufado ', 3.00, 1, '2025-03-31 21:19:53', '2025-03-31 21:19:53'),
(5507, 22, 'Bacuri', 3.00, 1, '2025-03-31 21:19:53', '2025-03-31 21:19:53'),
(5508, 22, 'Morango', 3.00, 1, '2025-03-31 21:19:53', '2025-03-31 21:19:53'),
(5509, 22, 'Flocos', 3.00, 1, '2025-03-31 21:19:53', '2025-03-31 21:19:53'),
(5510, 22, 'Sonho', 3.00, 1, '2025-03-31 21:19:53', '2025-03-31 21:19:53'),
(5511, 23, 'Morango', 0.00, 1, '2025-03-31 21:19:53', '2025-03-31 21:19:53'),
(5512, 23, 'Banana', 0.00, 1, '2025-03-31 21:19:53', '2025-03-31 21:19:53'),
(5513, 23, 'Uva passar', 0.00, 1, '2025-03-31 21:19:53', '2025-03-31 21:19:53'),
(5514, 23, 'Kiwi', 0.00, 1, '2025-03-31 21:19:53', '2025-03-31 21:19:53'),
(6115, 32, 'Cupuaçu ', 0.00, 1, '2025-03-31 21:24:19', '2025-03-31 21:24:19'),
(6116, 32, 'Morango', 0.00, 1, '2025-03-31 21:24:19', '2025-03-31 21:24:19'),
(6117, 32, 'Ninho', 0.00, 1, '2025-03-31 21:24:19', '2025-03-31 21:24:19'),
(6118, 32, 'Chantininho', 0.00, 1, '2025-03-31 21:24:19', '2025-03-31 21:24:19'),
(6119, 32, 'Oreo', 0.00, 1, '2025-03-31 21:24:19', '2025-03-31 21:24:19'),
(6120, 32, 'Maracujá ', 0.00, 1, '2025-03-31 21:24:19', '2025-03-31 21:24:19'),
(6121, 33, 'Calda de Morango ', 0.00, 1, '2025-03-31 21:24:19', '2025-03-31 21:24:19'),
(6122, 33, 'Farinha Láctea ', 0.00, 1, '2025-03-31 21:24:19', '2025-03-31 21:24:19'),
(6123, 33, 'Aveia', 0.00, 1, '2025-03-31 21:24:19', '2025-03-31 21:24:19'),
(6124, 33, 'Flocos de Arroz ', 0.00, 1, '2025-03-31 21:24:19', '2025-03-31 21:24:19'),
(6125, 33, 'Marshmallows', 0.00, 1, '2025-03-31 21:24:19', '2025-03-31 21:24:19'),
(6126, 33, 'Ovomaltine ', 0.00, 1, '2025-03-31 21:24:19', '2025-03-31 21:24:19'),
(6127, 33, 'Tubetes', 0.00, 1, '2025-03-31 21:24:19', '2025-03-31 21:24:19'),
(6128, 33, 'Granola', 0.00, 1, '2025-03-31 21:24:19', '2025-03-31 21:24:19'),
(6129, 33, 'Neston', 0.00, 1, '2025-03-31 21:24:19', '2025-03-31 21:24:19'),
(6130, 33, 'Cereal Nescau', 0.00, 1, '2025-03-31 21:24:19', '2025-03-31 21:24:19'),
(6131, 33, 'Coloreti Ball', 0.00, 1, '2025-03-31 21:24:19', '2025-03-31 21:24:19'),
(6132, 33, 'Cereja', 0.00, 1, '2025-03-31 21:24:19', '2025-03-31 21:24:19'),
(6133, 33, 'Gotas de chocolate ', 0.00, 1, '2025-03-31 21:24:19', '2025-03-31 21:24:19'),
(6134, 33, 'Gotas de chocolate branco ', 0.00, 1, '2025-03-31 21:24:19', '2025-03-31 21:24:19'),
(6135, 33, 'Xerém de Castanha ', 0.00, 1, '2025-03-31 21:24:19', '2025-03-31 21:24:19'),
(6136, 33, 'Creme de Cookies de Chocolate branco ', 0.00, 1, '2025-03-31 21:24:19', '2025-03-31 21:24:19'),
(6137, 33, 'Tapioca', 0.00, 1, '2025-03-31 21:24:19', '2025-03-31 21:24:19'),
(6138, 33, 'Amendoim ', 0.00, 1, '2025-03-31 21:24:19', '2025-03-31 21:24:19'),
(6139, 33, 'Amendoim Triturado', 0.00, 1, '2025-03-31 21:24:19', '2025-03-31 21:24:19'),
(6140, 33, 'Brigadeiro ', 0.00, 1, '2025-03-31 21:24:19', '2025-03-31 21:24:19'),
(6141, 33, 'Calda de Abacaxi ', 0.00, 1, '2025-03-31 21:24:19', '2025-03-31 21:24:19'),
(6142, 33, 'Goma de Bananinha', 0.00, 1, '2025-03-31 21:24:19', '2025-03-31 21:24:19'),
(6143, 33, 'Leite', 0.00, 1, '2025-03-31 21:24:19', '2025-03-31 21:24:19'),
(6144, 33, 'Calda de Ameixa', 0.00, 1, '2025-03-31 21:24:19', '2025-03-31 21:24:19'),
(6145, 33, 'Paçoca ', 0.00, 1, '2025-03-31 21:24:19', '2025-03-31 21:24:19'),
(6146, 33, 'Choco Ball', 0.00, 1, '2025-03-31 21:24:19', '2025-03-31 21:24:19'),
(6147, 33, 'Calda de Maracujá ', 0.00, 1, '2025-03-31 21:24:19', '2025-03-31 21:24:19'),
(6148, 33, 'Uva Passa', 0.00, 1, '2025-03-31 21:24:19', '2025-03-31 21:24:19'),
(6149, 33, 'Amendoim de Chocolate ', 0.00, 1, '2025-03-31 21:24:19', '2025-03-31 21:24:19'),
(6150, 33, 'Sucrilhos', 0.00, 1, '2025-03-31 21:24:19', '2025-03-31 21:24:19'),
(6151, 33, 'Goma de Dentinho', 0.00, 1, '2025-03-31 21:24:19', '2025-03-31 21:24:19'),
(6152, 33, 'Granulado', 0.00, 1, '2025-03-31 21:24:19', '2025-03-31 21:24:19'),
(6153, 34, 'Amora', 0.00, 1, '2025-03-31 21:24:19', '2025-03-31 21:24:19'),
(6154, 34, 'Chocolate de Avelã ', 0.00, 1, '2025-03-31 21:24:19', '2025-03-31 21:24:19'),
(6155, 34, 'Chocolate de Menta', 0.00, 1, '2025-03-31 21:24:19', '2025-03-31 21:24:19'),
(6156, 34, 'Melancia', 0.00, 1, '2025-03-31 21:24:19', '2025-03-31 21:24:19'),
(6157, 34, 'Floresta Negra', 0.00, 1, '2025-03-31 21:24:19', '2025-03-31 21:24:19'),
(6158, 34, 'Morango', 0.00, 1, '2025-03-31 21:24:19', '2025-03-31 21:24:19'),
(6159, 34, 'Banana e Canela', 0.00, 1, '2025-03-31 21:24:19', '2025-03-31 21:24:19'),
(6160, 34, 'Ameixa Preta', 0.00, 1, '2025-03-31 21:24:19', '2025-03-31 21:24:19'),
(6161, 34, 'Maracujá ', 0.00, 1, '2025-03-31 21:24:19', '2025-03-31 21:24:19'),
(6162, 34, 'Coco', 0.00, 1, '2025-03-31 21:24:19', '2025-03-31 21:24:19'),
(6163, 34, 'Chocolate Suíço ', 0.00, 1, '2025-03-31 21:24:19', '2025-03-31 21:24:19'),
(6164, 34, 'Café ', 0.00, 1, '2025-03-31 21:24:19', '2025-03-31 21:24:19'),
(6165, 34, 'Caramelo', 0.00, 1, '2025-03-31 21:24:19', '2025-03-31 21:24:19'),
(6166, 34, 'Cereja', 0.00, 1, '2025-03-31 21:24:19', '2025-03-31 21:24:19'),
(6167, 34, 'Caramelo Salgado', 0.00, 1, '2025-03-31 21:24:19', '2025-03-31 21:24:19'),
(6168, 34, 'Limão ', 0.00, 1, '2025-03-31 21:24:19', '2025-03-31 21:24:19'),
(6169, 34, 'Frutas Vermelhas ', 0.00, 1, '2025-03-31 21:24:19', '2025-03-31 21:24:19'),
(6170, 34, 'Maçã Verde', 0.00, 1, '2025-03-31 21:24:19', '2025-03-31 21:24:19'),
(6171, 34, 'Baunilha', 0.00, 1, '2025-03-31 21:24:19', '2025-03-31 21:24:19'),
(6172, 34, 'Kiwi', 0.00, 1, '2025-03-31 21:24:19', '2025-03-31 21:24:19'),
(6173, 34, 'Banana Caramelizada ', 0.00, 1, '2025-03-31 21:24:19', '2025-03-31 21:24:19'),
(6174, 34, 'Chocolate com Maltine', 0.00, 1, '2025-03-31 21:24:19', '2025-03-31 21:24:19'),
(6175, 34, 'Amendoim ', 0.00, 1, '2025-03-31 21:24:19', '2025-03-31 21:24:19'),
(6176, 34, 'Groselha', 0.00, 1, '2025-03-31 21:24:19', '2025-03-31 21:24:19'),
(6177, 35, 'Morango', 3.00, 1, '2025-03-31 21:24:19', '2025-03-31 21:24:19'),
(6178, 35, 'Ninho', 3.00, 1, '2025-03-31 21:24:19', '2025-03-31 21:24:19'),
(6179, 35, 'Chantininho ', 3.00, 1, '2025-03-31 21:24:19', '2025-03-31 21:24:19'),
(6180, 35, 'Oreo', 0.00, 1, '2025-03-31 21:24:19', '2025-03-31 21:24:19'),
(6181, 35, 'Cupuaçu ', 0.00, 1, '2025-03-31 21:24:19', '2025-03-31 21:24:19'),
(6182, 35, 'Maracujá ', 0.00, 1, '2025-03-31 21:24:19', '2025-03-31 21:24:19'),
(6183, 36, 'Calda de Morango ', 2.00, 1, '2025-03-31 21:24:19', '2025-03-31 21:24:19'),
(6184, 36, 'Farinha Láctea ', 2.00, 1, '2025-03-31 21:24:19', '2025-03-31 21:24:19'),
(6185, 36, 'Aveia', 2.00, 1, '2025-03-31 21:24:19', '2025-03-31 21:24:19'),
(6186, 36, 'Flocos de Arroz ', 2.00, 1, '2025-03-31 21:24:19', '2025-03-31 21:24:19'),
(6187, 36, 'Marshmallows ', 2.00, 1, '2025-03-31 21:24:19', '2025-03-31 21:24:19'),
(6188, 36, 'Ovomaltine ', 2.00, 1, '2025-03-31 21:24:19', '2025-03-31 21:24:19'),
(6189, 36, 'Tubetes ', 2.00, 1, '2025-03-31 21:24:19', '2025-03-31 21:24:19'),
(6190, 36, 'Granola', 2.00, 1, '2025-03-31 21:24:19', '2025-03-31 21:24:19'),
(6191, 36, 'Neston ', 2.00, 1, '2025-03-31 21:24:19', '2025-03-31 21:24:19'),
(6192, 36, 'Cereal Nescau', 2.00, 1, '2025-03-31 21:24:19', '2025-03-31 21:24:19'),
(6193, 36, 'Coloreti Ball ', 2.00, 1, '2025-03-31 21:24:19', '2025-03-31 21:24:19'),
(6194, 36, 'Cereja', 2.00, 1, '2025-03-31 21:24:19', '2025-03-31 21:24:19'),
(6195, 36, 'Gostas de chocolate ', 2.00, 1, '2025-03-31 21:24:19', '2025-03-31 21:24:19'),
(6196, 36, 'Gotas de chocolate branco', 2.00, 1, '2025-03-31 21:24:19', '2025-03-31 21:24:19'),
(6197, 36, 'Xerém de Castanha ', 2.00, 1, '2025-03-31 21:24:19', '2025-03-31 21:24:19'),
(6198, 36, 'Creme de Cookies de chocolate ', 2.00, 1, '2025-03-31 21:24:19', '2025-03-31 21:24:19'),
(6199, 36, 'Creme de Cookies de chocolate branco ', 2.00, 1, '2025-03-31 21:24:19', '2025-03-31 21:24:19'),
(6200, 36, 'Tapioca', 2.00, 1, '2025-03-31 21:24:19', '2025-03-31 21:24:19'),
(6201, 36, 'Amendoim ', 2.00, 1, '2025-03-31 21:24:19', '2025-03-31 21:24:19'),
(6202, 36, 'Brigadeiro ', 2.00, 1, '2025-03-31 21:24:19', '2025-03-31 21:24:19'),
(6203, 36, 'Calda de Abacaxi ', 2.00, 1, '2025-03-31 21:24:19', '2025-03-31 21:24:19'),
(6204, 36, 'Amendoim Triturado ', 2.00, 1, '2025-03-31 21:24:19', '2025-03-31 21:24:19'),
(6205, 36, 'Goma de Bananinha ', 2.00, 1, '2025-03-31 21:24:19', '2025-03-31 21:24:19'),
(6206, 36, 'Leite', 2.00, 1, '2025-03-31 21:24:19', '2025-03-31 21:24:19'),
(6207, 36, 'Calda de ameixa', 2.00, 1, '2025-03-31 21:24:19', '2025-03-31 21:24:19'),
(6208, 36, 'Paçoca ', 2.00, 1, '2025-03-31 21:24:19', '2025-03-31 21:24:19'),
(6209, 36, 'Choco Ball ', 2.00, 1, '2025-03-31 21:24:19', '2025-03-31 21:24:19'),
(6210, 36, 'Calda de Maracujá ', 2.00, 1, '2025-03-31 21:24:19', '2025-03-31 21:24:19'),
(6211, 36, 'Uva passa', 2.00, 1, '2025-03-31 21:24:19', '2025-03-31 21:24:19'),
(6212, 36, 'Amendoim de chocolate ', 2.00, 1, '2025-03-31 21:24:19', '2025-03-31 21:24:19'),
(6213, 36, 'Sucrilhos ', 2.00, 1, '2025-03-31 21:24:19', '2025-03-31 21:24:19'),
(6214, 36, 'Goma de Dentinho ', 2.00, 1, '2025-03-31 21:24:19', '2025-03-31 21:24:19'),
(6215, 36, 'Granulado', 2.00, 1, '2025-03-31 21:24:19', '2025-03-31 21:24:19'),
(6216, 36, 'Amendoim colorido ', 2.00, 1, '2025-03-31 21:24:19', '2025-03-31 21:24:19'),
(6217, 36, 'Jujuba', 2.00, 1, '2025-03-31 21:24:19', '2025-03-31 21:24:19'),
(6218, 36, 'Granola', 2.00, 1, '2025-03-31 21:24:19', '2025-03-31 21:24:19'),
(6219, 37, 'Morango', 3.00, 1, '2025-03-31 21:24:19', '2025-03-31 21:24:19'),
(6220, 37, 'Banana', 2.00, 1, '2025-03-31 21:24:19', '2025-03-31 21:24:19'),
(6221, 37, 'Uva passa ', 2.00, 1, '2025-03-31 21:24:19', '2025-03-31 21:24:19'),
(6222, 37, 'Kiwi ', 2.00, 1, '2025-03-31 21:24:19', '2025-03-31 21:24:19'),
(6223, 38, 'Tapioca', 3.00, 1, '2025-03-31 21:24:19', '2025-03-31 21:24:19'),
(6224, 38, 'Creme com passas', 3.00, 1, '2025-03-31 21:24:19', '2025-03-31 21:24:19'),
(6225, 38, 'Napolitano', 3.00, 1, '2025-03-31 21:24:19', '2025-03-31 21:24:19'),
(6226, 38, 'Ouro Branco ', 3.00, 1, '2025-03-31 21:24:19', '2025-03-31 21:24:19'),
(6227, 38, 'Cacetada', 3.00, 1, '2025-03-31 21:24:19', '2025-03-31 21:24:19'),
(6228, 38, 'Abacaxi', 3.00, 1, '2025-03-31 21:24:19', '2025-03-31 21:24:19'),
(6229, 38, 'Coco', 3.00, 1, '2025-03-31 21:24:19', '2025-03-31 21:24:19'),
(6230, 38, 'Ninho Trufado ', 3.00, 1, '2025-03-31 21:24:19', '2025-03-31 21:24:19'),
(6231, 38, 'Bacuri', 3.00, 1, '2025-03-31 21:24:19', '2025-03-31 21:24:19'),
(6232, 38, 'Morango', 3.00, 1, '2025-03-31 21:24:19', '2025-03-31 21:24:19'),
(6233, 38, 'Flocos', 3.00, 1, '2025-03-31 21:24:19', '2025-03-31 21:24:19'),
(6234, 38, 'Sonho', 3.00, 1, '2025-03-31 21:24:19', '2025-03-31 21:24:19'),
(6235, 39, 'Cupuaçu ', 0.00, 1, '2025-03-31 21:24:56', '2025-03-31 21:24:56'),
(6236, 39, 'Morango', 0.00, 1, '2025-03-31 21:24:56', '2025-03-31 21:24:56'),
(6237, 39, 'Ninho', 0.00, 1, '2025-03-31 21:24:56', '2025-03-31 21:24:56'),
(6238, 39, 'Chantininho', 0.00, 1, '2025-03-31 21:24:56', '2025-03-31 21:24:56'),
(6239, 39, 'Oreo', 0.00, 1, '2025-03-31 21:24:56', '2025-03-31 21:24:56'),
(6240, 39, 'Maracujá ', 0.00, 1, '2025-03-31 21:24:56', '2025-03-31 21:24:56'),
(6241, 40, 'Calda de Morango ', 0.00, 1, '2025-03-31 21:24:56', '2025-03-31 21:24:56'),
(6242, 40, 'Farinha Láctea ', 0.00, 1, '2025-03-31 21:24:56', '2025-03-31 21:24:56'),
(6243, 40, 'Aveia', 0.00, 1, '2025-03-31 21:24:56', '2025-03-31 21:24:56'),
(6244, 40, 'Flocos de Arroz ', 0.00, 1, '2025-03-31 21:24:56', '2025-03-31 21:24:56'),
(6245, 40, 'Marshmallows', 0.00, 1, '2025-03-31 21:24:56', '2025-03-31 21:24:56'),
(6246, 40, 'Ovomaltine ', 0.00, 1, '2025-03-31 21:24:56', '2025-03-31 21:24:56'),
(6247, 40, 'Tubetes', 0.00, 1, '2025-03-31 21:24:56', '2025-03-31 21:24:56'),
(6248, 40, 'Granola', 0.00, 1, '2025-03-31 21:24:56', '2025-03-31 21:24:56'),
(6249, 40, 'Neston', 0.00, 1, '2025-03-31 21:24:56', '2025-03-31 21:24:56'),
(6250, 40, 'Cereal Nescau', 0.00, 1, '2025-03-31 21:24:56', '2025-03-31 21:24:56'),
(6251, 40, 'Coloreti Ball', 0.00, 1, '2025-03-31 21:24:56', '2025-03-31 21:24:56'),
(6252, 40, 'Cereja', 0.00, 1, '2025-03-31 21:24:56', '2025-03-31 21:24:56'),
(6253, 40, 'Gotas de chocolate ', 0.00, 1, '2025-03-31 21:24:56', '2025-03-31 21:24:56'),
(6254, 40, 'Gotas de chocolate branco ', 0.00, 1, '2025-03-31 21:24:56', '2025-03-31 21:24:56'),
(6255, 40, 'Xerém de Castanha ', 0.00, 1, '2025-03-31 21:24:56', '2025-03-31 21:24:56'),
(6256, 40, 'Creme de Cookies de Chocolate branco ', 0.00, 1, '2025-03-31 21:24:56', '2025-03-31 21:24:56'),
(6257, 40, 'Tapioca', 0.00, 1, '2025-03-31 21:24:56', '2025-03-31 21:24:56'),
(6258, 40, 'Amendoim ', 0.00, 1, '2025-03-31 21:24:56', '2025-03-31 21:24:56'),
(6259, 40, 'Amendoim Triturado', 0.00, 1, '2025-03-31 21:24:56', '2025-03-31 21:24:56'),
(6260, 40, 'Brigadeiro ', 0.00, 1, '2025-03-31 21:24:56', '2025-03-31 21:24:56'),
(6261, 40, 'Calda de Abacaxi ', 0.00, 1, '2025-03-31 21:24:56', '2025-03-31 21:24:56'),
(6262, 40, 'Goma de Bananinha', 0.00, 1, '2025-03-31 21:24:56', '2025-03-31 21:24:56'),
(6263, 40, 'Leite', 0.00, 1, '2025-03-31 21:24:56', '2025-03-31 21:24:56'),
(6264, 40, 'Calda de Ameixa', 0.00, 1, '2025-03-31 21:24:56', '2025-03-31 21:24:56'),
(6265, 40, 'Paçoca ', 0.00, 1, '2025-03-31 21:24:56', '2025-03-31 21:24:56'),
(6266, 40, 'Choco Ball', 0.00, 1, '2025-03-31 21:24:56', '2025-03-31 21:24:56'),
(6267, 40, 'Calda de Maracujá ', 0.00, 1, '2025-03-31 21:24:56', '2025-03-31 21:24:56'),
(6268, 40, 'Uva Passa', 0.00, 1, '2025-03-31 21:24:56', '2025-03-31 21:24:56'),
(6269, 40, 'Amendoim de Chocolate ', 0.00, 1, '2025-03-31 21:24:56', '2025-03-31 21:24:56'),
(6270, 40, 'Sucrilhos', 0.00, 1, '2025-03-31 21:24:56', '2025-03-31 21:24:56'),
(6271, 40, 'Goma de Dentinho', 0.00, 1, '2025-03-31 21:24:56', '2025-03-31 21:24:56'),
(6272, 40, 'Granulado', 0.00, 1, '2025-03-31 21:24:56', '2025-03-31 21:24:56'),
(6273, 41, 'Amora', 0.00, 1, '2025-03-31 21:24:56', '2025-03-31 21:24:56'),
(6274, 41, 'Chocolate de Avelã ', 0.00, 1, '2025-03-31 21:24:56', '2025-03-31 21:24:56'),
(6275, 41, 'Chocolate de Menta', 0.00, 1, '2025-03-31 21:24:56', '2025-03-31 21:24:56'),
(6276, 41, 'Melancia', 0.00, 1, '2025-03-31 21:24:56', '2025-03-31 21:24:56'),
(6277, 41, 'Floresta Negra', 0.00, 1, '2025-03-31 21:24:56', '2025-03-31 21:24:56'),
(6278, 41, 'Morango', 0.00, 1, '2025-03-31 21:24:56', '2025-03-31 21:24:56'),
(6279, 41, 'Banana e Canela', 0.00, 1, '2025-03-31 21:24:56', '2025-03-31 21:24:56'),
(6280, 41, 'Ameixa Preta', 0.00, 1, '2025-03-31 21:24:56', '2025-03-31 21:24:56'),
(6281, 41, 'Maracujá ', 0.00, 1, '2025-03-31 21:24:56', '2025-03-31 21:24:56'),
(6282, 41, 'Coco', 0.00, 1, '2025-03-31 21:24:56', '2025-03-31 21:24:56'),
(6283, 41, 'Chocolate Suíço ', 0.00, 1, '2025-03-31 21:24:56', '2025-03-31 21:24:56'),
(6284, 41, 'Café ', 0.00, 1, '2025-03-31 21:24:56', '2025-03-31 21:24:56'),
(6285, 41, 'Caramelo', 0.00, 1, '2025-03-31 21:24:56', '2025-03-31 21:24:56'),
(6286, 41, 'Cereja', 0.00, 1, '2025-03-31 21:24:56', '2025-03-31 21:24:56'),
(6287, 41, 'Caramelo Salgado', 0.00, 1, '2025-03-31 21:24:56', '2025-03-31 21:24:56'),
(6288, 41, 'Limão ', 0.00, 1, '2025-03-31 21:24:56', '2025-03-31 21:24:56'),
(6289, 41, 'Frutas Vermelhas ', 0.00, 1, '2025-03-31 21:24:56', '2025-03-31 21:24:56'),
(6290, 41, 'Maçã Verde', 0.00, 1, '2025-03-31 21:24:56', '2025-03-31 21:24:56'),
(6291, 41, 'Baunilha', 0.00, 1, '2025-03-31 21:24:56', '2025-03-31 21:24:56'),
(6292, 41, 'Kiwi', 0.00, 1, '2025-03-31 21:24:56', '2025-03-31 21:24:56'),
(6293, 41, 'Banana Caramelizada ', 0.00, 1, '2025-03-31 21:24:56', '2025-03-31 21:24:56'),
(6294, 41, 'Chocolate com Maltine', 0.00, 1, '2025-03-31 21:24:56', '2025-03-31 21:24:56'),
(6295, 41, 'Amendoim ', 0.00, 1, '2025-03-31 21:24:56', '2025-03-31 21:24:56'),
(6296, 41, 'Groselha', 0.00, 1, '2025-03-31 21:24:56', '2025-03-31 21:24:56'),
(6297, 42, 'Morango', 3.00, 1, '2025-03-31 21:24:56', '2025-03-31 21:24:56'),
(6298, 42, 'Ninho', 3.00, 1, '2025-03-31 21:24:56', '2025-03-31 21:24:56'),
(6299, 42, 'Chantininho ', 3.00, 1, '2025-03-31 21:24:56', '2025-03-31 21:24:56'),
(6300, 42, 'Oreo', 0.00, 1, '2025-03-31 21:24:56', '2025-03-31 21:24:56'),
(6301, 42, 'Cupuaçu ', 0.00, 1, '2025-03-31 21:24:56', '2025-03-31 21:24:56'),
(6302, 42, 'Maracujá ', 0.00, 1, '2025-03-31 21:24:56', '2025-03-31 21:24:56'),
(6303, 43, 'Calda de Morango ', 2.00, 1, '2025-03-31 21:24:56', '2025-03-31 21:24:56'),
(6304, 43, 'Farinha Láctea ', 2.00, 1, '2025-03-31 21:24:56', '2025-03-31 21:24:56'),
(6305, 43, 'Aveia', 2.00, 1, '2025-03-31 21:24:56', '2025-03-31 21:24:56'),
(6306, 43, 'Flocos de Arroz ', 2.00, 1, '2025-03-31 21:24:56', '2025-03-31 21:24:56'),
(6307, 43, 'Marshmallows ', 2.00, 1, '2025-03-31 21:24:56', '2025-03-31 21:24:56'),
(6308, 43, 'Ovomaltine ', 2.00, 1, '2025-03-31 21:24:56', '2025-03-31 21:24:56'),
(6309, 43, 'Tubetes ', 2.00, 1, '2025-03-31 21:24:56', '2025-03-31 21:24:56'),
(6310, 43, 'Granola', 2.00, 1, '2025-03-31 21:24:56', '2025-03-31 21:24:56'),
(6311, 43, 'Neston ', 2.00, 1, '2025-03-31 21:24:56', '2025-03-31 21:24:56'),
(6312, 43, 'Cereal Nescau', 2.00, 1, '2025-03-31 21:24:56', '2025-03-31 21:24:56'),
(6313, 43, 'Coloreti Ball ', 2.00, 1, '2025-03-31 21:24:56', '2025-03-31 21:24:56'),
(6314, 43, 'Cereja', 2.00, 1, '2025-03-31 21:24:56', '2025-03-31 21:24:56'),
(6315, 43, 'Gostas de chocolate ', 2.00, 1, '2025-03-31 21:24:56', '2025-03-31 21:24:56'),
(6316, 43, 'Gotas de chocolate branco', 2.00, 1, '2025-03-31 21:24:56', '2025-03-31 21:24:56'),
(6317, 43, 'Xerém de Castanha ', 2.00, 1, '2025-03-31 21:24:56', '2025-03-31 21:24:56'),
(6318, 43, 'Creme de Cookies de chocolate ', 2.00, 1, '2025-03-31 21:24:56', '2025-03-31 21:24:56'),
(6319, 43, 'Creme de Cookies de chocolate branco ', 2.00, 1, '2025-03-31 21:24:56', '2025-03-31 21:24:56'),
(6320, 43, 'Tapioca', 2.00, 1, '2025-03-31 21:24:56', '2025-03-31 21:24:56'),
(6321, 43, 'Amendoim ', 2.00, 1, '2025-03-31 21:24:56', '2025-03-31 21:24:56'),
(6322, 43, 'Brigadeiro ', 2.00, 1, '2025-03-31 21:24:56', '2025-03-31 21:24:56'),
(6323, 43, 'Calda de Abacaxi ', 2.00, 1, '2025-03-31 21:24:56', '2025-03-31 21:24:56'),
(6324, 43, 'Amendoim Triturado ', 2.00, 1, '2025-03-31 21:24:56', '2025-03-31 21:24:56'),
(6325, 43, 'Goma de Bananinha ', 2.00, 1, '2025-03-31 21:24:56', '2025-03-31 21:24:56'),
(6326, 43, 'Leite', 2.00, 1, '2025-03-31 21:24:56', '2025-03-31 21:24:56'),
(6327, 43, 'Calda de ameixa', 2.00, 1, '2025-03-31 21:24:56', '2025-03-31 21:24:56'),
(6328, 43, 'Paçoca ', 2.00, 1, '2025-03-31 21:24:56', '2025-03-31 21:24:56'),
(6329, 43, 'Choco Ball ', 2.00, 1, '2025-03-31 21:24:56', '2025-03-31 21:24:56'),
(6330, 43, 'Calda de Maracujá ', 2.00, 1, '2025-03-31 21:24:56', '2025-03-31 21:24:56'),
(6331, 43, 'Uva passa', 2.00, 1, '2025-03-31 21:24:56', '2025-03-31 21:24:56'),
(6332, 43, 'Amendoim de chocolate ', 2.00, 1, '2025-03-31 21:24:56', '2025-03-31 21:24:56'),
(6333, 43, 'Sucrilhos ', 2.00, 1, '2025-03-31 21:24:56', '2025-03-31 21:24:56'),
(6334, 43, 'Goma de Dentinho ', 2.00, 1, '2025-03-31 21:24:56', '2025-03-31 21:24:56'),
(6335, 43, 'Granulado', 2.00, 1, '2025-03-31 21:24:56', '2025-03-31 21:24:56'),
(6336, 43, 'Amendoim colorido ', 2.00, 1, '2025-03-31 21:24:56', '2025-03-31 21:24:56'),
(6337, 43, 'Jujuba', 2.00, 1, '2025-03-31 21:24:56', '2025-03-31 21:24:56'),
(6338, 43, 'Granola', 2.00, 1, '2025-03-31 21:24:56', '2025-03-31 21:24:56'),
(6339, 44, 'Morango', 3.00, 1, '2025-03-31 21:24:56', '2025-03-31 21:24:56'),
(6340, 44, 'Banana', 2.00, 1, '2025-03-31 21:24:56', '2025-03-31 21:24:56'),
(6341, 44, 'Uva passa ', 2.00, 1, '2025-03-31 21:24:56', '2025-03-31 21:24:56'),
(6342, 44, 'Kiwi ', 2.00, 1, '2025-03-31 21:24:56', '2025-03-31 21:24:56'),
(6343, 45, 'Tapioca', 3.00, 1, '2025-03-31 21:24:56', '2025-03-31 21:24:56'),
(6344, 45, 'Creme com passas', 3.00, 1, '2025-03-31 21:24:56', '2025-03-31 21:24:56'),
(6345, 45, 'Napolitano', 3.00, 1, '2025-03-31 21:24:56', '2025-03-31 21:24:56'),
(6346, 45, 'Ouro Branco ', 3.00, 1, '2025-03-31 21:24:56', '2025-03-31 21:24:56'),
(6347, 45, 'Cacetada', 3.00, 1, '2025-03-31 21:24:56', '2025-03-31 21:24:56'),
(6348, 45, 'Abacaxi', 3.00, 1, '2025-03-31 21:24:56', '2025-03-31 21:24:56'),
(6349, 45, 'Coco', 3.00, 1, '2025-03-31 21:24:56', '2025-03-31 21:24:56'),
(6350, 45, 'Ninho Trufado ', 3.00, 1, '2025-03-31 21:24:56', '2025-03-31 21:24:56');
INSERT INTO `complemento_opcoes` (`id`, `complemento_id`, `nome`, `preco`, `ativo`, `created_at`, `updated_at`) VALUES
(6351, 45, 'Bacuri', 3.00, 1, '2025-03-31 21:24:56', '2025-03-31 21:24:56'),
(6352, 45, 'Morango', 3.00, 1, '2025-03-31 21:24:56', '2025-03-31 21:24:56'),
(6353, 45, 'Flocos', 3.00, 1, '2025-03-31 21:24:56', '2025-03-31 21:24:56'),
(6354, 45, 'Sonho', 3.00, 1, '2025-03-31 21:24:56', '2025-03-31 21:24:56');

-- --------------------------------------------------------

--
-- Estrutura para tabela `configuracoes`
--

DROP TABLE IF EXISTS `configuracoes`;
CREATE TABLE IF NOT EXISTS `configuracoes` (
  `id` int(11) NOT NULL AUTO_INCREMENT,
  `nome_loja` varchar(255) NOT NULL,
  `slogan` varchar(255) DEFAULT NULL,
  `local` varchar(255) DEFAULT NULL,
  `endereco_loja` text DEFAULT NULL,
  `telefone_loja` varchar(20) DEFAULT NULL,
  `email_loja` varchar(255) DEFAULT NULL,
  `instagram` varchar(255) DEFAULT NULL,
  `pedido_minimo` decimal(10,2) DEFAULT 0.00,
  `tempo_entrega` int(11) DEFAULT 30,
  `status_funcionamento` enum('horario','aberto','fechado') DEFAULT 'horario',
  `horarios_funcionamento` longtext CHARACTER SET utf8mb4 COLLATE utf8mb4_bin DEFAULT NULL CHECK (json_valid(`horarios_funcionamento`)),
  `tipo_entrega` enum('bairro','distancia') DEFAULT 'bairro',
  `configuracoes_entrega` longtext CHARACTER SET utf8mb4 COLLATE utf8mb4_bin DEFAULT NULL CHECK (json_valid(`configuracoes_entrega`)),
  `maps_api_key` varchar(255) DEFAULT NULL,
  `maps_latitude` decimal(10,8) DEFAULT NULL,
  `maps_longitude` decimal(11,8) DEFAULT NULL,
  `maps_endereco` text DEFAULT NULL,
  `maps_raio_entrega` decimal(10,2) DEFAULT 5.00,
  `tema_cor` varchar(20) DEFAULT 'azul',
  `cor_personalizada` varchar(7) DEFAULT NULL,
  `favicon` varchar(255) DEFAULT NULL,
  `logo` varchar(255) DEFAULT NULL,
  `banner` varchar(255) DEFAULT NULL,
  `banner_pc` varchar(255) DEFAULT NULL,
  `cor_tema` varchar(7) DEFAULT '#8B5CF6',
  `smtp_host` varchar(100) DEFAULT NULL,
  `smtp_porta` varchar(5) DEFAULT NULL,
  `smtp_usuario` varchar(100) DEFAULT NULL,
  `smtp_senha` varchar(255) DEFAULT NULL,
  `smtp_seguranca` enum('tls','ssl') DEFAULT 'tls',
  `created_at` timestamp NULL DEFAULT current_timestamp(),
  `updated_at` timestamp NULL DEFAULT current_timestamp() ON UPDATE current_timestamp(),
  PRIMARY KEY (`id`)
) ENGINE=InnoDB AUTO_INCREMENT=2 DEFAULT CHARSET=utf8mb4 COLLATE=utf8mb4_unicode_ci;

--
-- Despejando dados para a tabela `configuracoes`
--

INSERT INTO `configuracoes` (`id`, `nome_loja`, `slogan`, `local`, `endereco_loja`, `telefone_loja`, `email_loja`, `instagram`, `pedido_minimo`, `tempo_entrega`, `status_funcionamento`, `horarios_funcionamento`, `tipo_entrega`, `configuracoes_entrega`, `maps_api_key`, `maps_latitude`, `maps_longitude`, `maps_endereco`, `maps_raio_entrega`, `tema_cor`, `cor_personalizada`, `favicon`, `logo`, `banner`, `banner_pc`, `cor_tema`, `smtp_host`, `smtp_porta`, `smtp_usuario`, `smtp_senha`, `smtp_seguranca`, `created_at`, `updated_at`) VALUES
(1, 'Nome da Loja', 'Slogan da Loja', 'Localização', 'Endereço da Loja', '(00) 00000-0000', 'contato@exemplo.com', '@exemplo', 20.00, 30, 'aberto', NULL, 'bairro', NULL, 'AIzaSyDlGo9UjMBd7crhS5b-qqO9dGxR5oadp_U', NULL, NULL, NULL, 9.00, '#FF6B00', '', 'assets/images/favicon.svg', 'assets/images/logo.svg', 'assets/images/banner.svg', 'assets/images/banner_pc.svg', '#8B5CF6', 'smtp.gmail.com', '587', 'seuemail@gmail.com', 'suasenha', 'tls', '2025-03-31 21:43:31', '2025-03-31 21:43:31');

-- --------------------------------------------------------

--
-- Estrutura para tabela `configuracoes_maps`
--

DROP TABLE IF EXISTS `configuracoes_maps`;
CREATE TABLE IF NOT EXISTS `configuracoes_maps` (
  `id` int(11) NOT NULL AUTO_INCREMENT,
  `api_key` varchar(255) DEFAULT NULL,
  `latitude` decimal(10,8) DEFAULT NULL,
  `longitude` decimal(11,8) DEFAULT NULL,
  `endereco` text DEFAULT NULL,
  `raio_entrega` decimal(10,2) DEFAULT 0.00,
  `created_at` timestamp NULL DEFAULT current_timestamp(),
  `updated_at` timestamp NULL DEFAULT current_timestamp() ON UPDATE current_timestamp(),
  PRIMARY KEY (`id`)
) ENGINE=InnoDB DEFAULT CHARSET=utf8mb4 COLLATE=utf8mb4_unicode_ci;

-- --------------------------------------------------------

--
-- Estrutura para tabela `cupons`
--

DROP TABLE IF EXISTS `cupons`;
CREATE TABLE IF NOT EXISTS `cupons` (
  `id` int(11) NOT NULL AUTO_INCREMENT,
  `codigo` varchar(50) NOT NULL,
  `tipo` enum('valor_total','porcentagem_total','frete_valor','frete_porcentagem') NOT NULL,
  `valor` decimal(10,2) NOT NULL,
  `data_inicio` date NOT NULL,
  `data_fim` date DEFAULT NULL,
  `valor_minimo_pedido` decimal(10,2) DEFAULT NULL,
  `ativo` tinyint(1) DEFAULT 1,
  `created_at` timestamp NULL DEFAULT current_timestamp(),
  `updated_at` timestamp NULL DEFAULT current_timestamp() ON UPDATE current_timestamp(),
  PRIMARY KEY (`id`),
  UNIQUE KEY `codigo` (`codigo`)
) ENGINE=InnoDB AUTO_INCREMENT=3 DEFAULT CHARSET=utf8mb4 COLLATE=utf8mb4_unicode_ci;

--
-- Despejando dados para a tabela `cupons`
--

INSERT INTO `cupons` (`id`, `codigo`, `tipo`, `valor`, `data_inicio`, `data_fim`, `valor_minimo_pedido`, `ativo`, `created_at`, `updated_at`) VALUES
(1, '123456', 'porcentagem_total', 50.00, '2025-03-24', '2025-04-03', NULL, 1, '2025-03-31 18:54:23', '2025-03-31 19:39:28'),
(2, 'Ghj', 'porcentagem_total', 2.00, '2025-03-31', '2025-04-01', NULL, 0, '2025-03-31 19:39:20', '2025-03-31 19:44:08');

-- --------------------------------------------------------

--
-- Estrutura para tabela `cupons_utilizados`
--

DROP TABLE IF EXISTS `cupons_utilizados`;
CREATE TABLE IF NOT EXISTS `cupons_utilizados` (
  `id` int(11) NOT NULL AUTO_INCREMENT,
  `cupom_id` int(11) NOT NULL,
  `usuario_id` int(11) NOT NULL,
  `pedido_id` int(11) NOT NULL,
  `valor_desconto` decimal(10,2) NOT NULL,
  `data_utilizacao` timestamp NOT NULL DEFAULT current_timestamp(),
  PRIMARY KEY (`id`),
  KEY `cupom_id` (`cupom_id`),
  KEY `usuario_id` (`usuario_id`),
  KEY `pedido_id` (`pedido_id`)
) ENGINE=InnoDB DEFAULT CHARSET=utf8mb4 COLLATE=utf8mb4_general_ci;

-- --------------------------------------------------------

--
-- Estrutura para tabela `enderecos_usuario`
--

DROP TABLE IF EXISTS `enderecos_usuario`;
CREATE TABLE IF NOT EXISTS `enderecos_usuario` (
  `id` int(11) NOT NULL AUTO_INCREMENT,
  `usuario_id` int(11) NOT NULL,
  `cep` varchar(8) NOT NULL,
  `logradouro` varchar(255) NOT NULL,
  `numero` varchar(20) NOT NULL,
  `complemento` varchar(255) DEFAULT NULL,
  `bairro` varchar(255) NOT NULL,
  `cidade` varchar(255) NOT NULL,
  `estado` char(2) NOT NULL,
  `principal` tinyint(1) DEFAULT 0,
  `latitude` decimal(10,8) DEFAULT NULL,
  `longitude` decimal(11,8) DEFAULT NULL,
  `created_at` timestamp NULL DEFAULT current_timestamp(),
  `updated_at` timestamp NULL DEFAULT current_timestamp() ON UPDATE current_timestamp(),
  PRIMARY KEY (`id`),
  KEY `usuario_id` (`usuario_id`)
) ENGINE=InnoDB DEFAULT CHARSET=utf8mb4 COLLATE=utf8mb4_unicode_ci;

-- --------------------------------------------------------

--
-- Estrutura para tabela `faixas_distancia`
--

DROP TABLE IF EXISTS `faixas_distancia`;
CREATE TABLE IF NOT EXISTS `faixas_distancia` (
  `id` int(11) NOT NULL AUTO_INCREMENT,
  `inicio` decimal(10,3) NOT NULL,
  `fim` decimal(10,3) NOT NULL,
  `valor` decimal(10,2) NOT NULL DEFAULT 0.00,
  `ativo` tinyint(1) DEFAULT 1,
  `created_at` timestamp NULL DEFAULT current_timestamp(),
  `updated_at` timestamp NULL DEFAULT current_timestamp() ON UPDATE current_timestamp(),
  PRIMARY KEY (`id`),
  UNIQUE KEY `unique_faixa` (`inicio`,`fim`)
) ENGINE=InnoDB AUTO_INCREMENT=11 DEFAULT CHARSET=utf8mb4 COLLATE=utf8mb4_unicode_ci;

--
-- Despejando dados para a tabela `faixas_distancia`
--

INSERT INTO `faixas_distancia` (`id`, `inicio`, `fim`, `valor`, `ativo`, `created_at`, `updated_at`) VALUES
(1, 0.000, 1.000, 1.00, 1, '2025-03-31 21:43:31', '2025-03-31 21:43:31'),
(2, 1.001, 2.000, 2.00, 1, '2025-03-31 21:43:31', '2025-03-31 21:43:31'),
(3, 2.001, 3.000, 3.00, 1, '2025-03-31 21:43:31', '2025-03-31 21:43:31'),
(4, 3.001, 4.000, 4.00, 1, '2025-03-31 21:43:31', '2025-03-31 21:43:31'),
(5, 4.001, 5.000, 5.00, 1, '2025-03-31 21:43:31', '2025-03-31 21:43:31'),
(6, 5.001, 6.000, 6.00, 1, '2025-03-31 21:43:31', '2025-03-31 21:43:31'),
(7, 6.001, 7.000, 7.00, 1, '2025-03-31 21:43:31', '2025-03-31 21:43:31'),
(8, 7.001, 8.000, 8.00, 1, '2025-03-31 21:43:31', '2025-03-31 21:43:31'),
(9, 8.001, 9.000, 9.00, 1, '2025-03-31 21:43:31', '2025-03-31 21:43:31'),
(10, 9.001, 10.000, 10.00, 1, '2025-03-31 21:43:31', '2025-03-31 21:43:31');

-- --------------------------------------------------------

--
-- Estrutura para tabela `formas_pagamento`
--

DROP TABLE IF EXISTS `formas_pagamento`;
CREATE TABLE IF NOT EXISTS `formas_pagamento` (
  `id` int(11) NOT NULL AUTO_INCREMENT,
  `nome` varchar(50) NOT NULL,
  `ativo` tinyint(1) DEFAULT 1,
  `created_at` timestamp NULL DEFAULT current_timestamp(),
  `updated_at` timestamp NULL DEFAULT current_timestamp() ON UPDATE current_timestamp(),
  PRIMARY KEY (`id`)
) ENGINE=InnoDB AUTO_INCREMENT=5 DEFAULT CHARSET=utf8mb4 COLLATE=utf8mb4_unicode_ci;

--
-- Despejando dados para a tabela `formas_pagamento`
--

INSERT INTO `formas_pagamento` (`id`, `nome`, `ativo`, `created_at`, `updated_at`) VALUES
(1, 'PIX', 1, '2025-03-31 21:43:31', '2025-03-31 21:43:31'),
(2, 'Dinheiro', 1, '2025-03-31 21:43:31', '2025-03-31 21:43:31'),
(3, 'Cartão de Crédito', 1, '2025-03-31 21:43:31', '2025-03-31 21:43:31'),
(4, 'Cartão de Débito', 1, '2025-03-31 21:43:31', '2025-03-31 21:43:31');

-- --------------------------------------------------------

--
-- Estrutura para tabela `itens_pedido`
--

DROP TABLE IF EXISTS `itens_pedido`;
CREATE TABLE IF NOT EXISTS `itens_pedido` (
  `id` int(11) NOT NULL AUTO_INCREMENT,
  `pedido_id` int(11) NOT NULL,
  `produto_id` int(11) DEFAULT NULL,
  `produto_nome` varchar(255) DEFAULT NULL,
  `quantidade` int(11) NOT NULL,
  `valor_unitario` decimal(10,2) NOT NULL,
  `valor_total` decimal(10,2) NOT NULL,
  `observacao` text DEFAULT NULL,
  `created_at` timestamp NULL DEFAULT current_timestamp(),
  `updated_at` timestamp NULL DEFAULT current_timestamp() ON UPDATE current_timestamp(),
  PRIMARY KEY (`id`),
  KEY `pedido_id` (`pedido_id`)
) ENGINE=InnoDB DEFAULT CHARSET=utf8mb4 COLLATE=utf8mb4_unicode_ci;

-- --------------------------------------------------------

--
-- Estrutura para tabela `pedidos`
--

DROP TABLE IF EXISTS `pedidos`;
CREATE TABLE IF NOT EXISTS `pedidos` (
  `id` int(11) NOT NULL AUTO_INCREMENT,
  `usuario_id` int(11) NOT NULL,
  `forma_pagamento_id` int(11) DEFAULT NULL,
  `endereco_id` int(11) DEFAULT NULL,
  `logradouro` varchar(255) DEFAULT NULL,
  `numero` varchar(20) DEFAULT NULL,
  `complemento` varchar(255) DEFAULT NULL,
  `bairro` varchar(100) DEFAULT NULL,
  `cidade` varchar(100) DEFAULT NULL,
  `estado` char(2) DEFAULT NULL,
  `cep` varchar(8) DEFAULT NULL,
  `status` enum('pendente','confirmado','em_preparo','saiu_entrega','entregue','cancelado') DEFAULT 'pendente',
  `observacoes` text DEFAULT NULL,
  `total` decimal(10,2) NOT NULL,
  `taxa_entrega` decimal(10,2) DEFAULT 0.00,
  `precisa_troco` tinyint(1) DEFAULT 0,
  `troco_para` decimal(10,2) DEFAULT NULL,
  `cupom_id` int(11) DEFAULT NULL,
  `desconto_cupom` decimal(10,2) DEFAULT 0.00,
  `data_criacao` datetime DEFAULT current_timestamp(),
  `created_at` timestamp NULL DEFAULT current_timestamp(),
  `updated_at` timestamp NULL DEFAULT current_timestamp() ON UPDATE current_timestamp(),
  PRIMARY KEY (`id`),
  KEY `usuario_id` (`usuario_id`),
  KEY `forma_pagamento_id` (`forma_pagamento_id`),
  KEY `cupom_id` (`cupom_id`)
) ENGINE=InnoDB DEFAULT CHARSET=utf8mb4 COLLATE=utf8mb4_unicode_ci;

-- --------------------------------------------------------

--
-- Estrutura para tabela `pedido_complementos`
--

DROP TABLE IF EXISTS `pedido_complementos`;
CREATE TABLE IF NOT EXISTS `pedido_complementos` (
  `id` int(11) NOT NULL AUTO_INCREMENT,
  `pedido_item_id` int(11) NOT NULL,
  `complemento_nome` varchar(100) NOT NULL,
  `opcao_nome` varchar(100) NOT NULL,
  `opcao_preco` decimal(10,2) NOT NULL DEFAULT 0.00,
  `created_at` timestamp NULL DEFAULT current_timestamp(),
  PRIMARY KEY (`id`),
  KEY `pedido_item_id` (`pedido_item_id`)
) ENGINE=InnoDB DEFAULT CHARSET=utf8mb4 COLLATE=utf8mb4_unicode_ci;

-- --------------------------------------------------------

--
-- Estrutura para tabela `produtos`
--

DROP TABLE IF EXISTS `produtos`;
CREATE TABLE IF NOT EXISTS `produtos` (
  `id` int(11) NOT NULL AUTO_INCREMENT,
  `nome` varchar(100) NOT NULL,
  `descricao` text DEFAULT NULL,
  `preco` decimal(10,2) NOT NULL,
  `categoria_id` int(11) NOT NULL,
  `imagem` longtext DEFAULT NULL,
  `ativo` tinyint(1) DEFAULT 1,
  `tem_complementos` tinyint(1) DEFAULT 0,
  `created_at` timestamp NULL DEFAULT current_timestamp(),
  `updated_at` timestamp NULL DEFAULT current_timestamp() ON UPDATE current_timestamp(),
  PRIMARY KEY (`id`),
  KEY `categoria_id` (`categoria_id`)
) ENGINE=InnoDB AUTO_INCREMENT=5 DEFAULT CHARSET=utf8mb4 COLLATE=utf8mb4_unicode_ci;

--
-- Despejando dados para a tabela `produtos`
--

INSERT INTO `produtos` (`id`, `nome`, `descricao`, `preco`, `categoria_id`, `imagem`, `ativo`, `tem_complementos`, `created_at`, `updated_at`) VALUES
(1, 'X-Burger', 'Hambúrguer com queijo', 15.90, 1, NULL, 1, 0, '2025-03-31 21:43:31', '2025-03-31 21:43:31'),
(2, 'X-Salada', 'Hambúrguer com queijo e salada', 17.90, 1, NULL, 1, 0, '2025-03-31 21:43:31', '2025-03-31 21:43:31'),
(3, 'Coca-Cola 350ml', 'Refrigerante Coca-Cola lata', 5.90, 2, NULL, 1, 0, '2025-03-31 21:43:31', '2025-03-31 21:43:31'),
(4, 'Guaraná 350ml', 'Refrigerante Guaraná lata', 5.90, 2, NULL, 1, 0, '2025-03-31 21:43:31', '2025-03-31 21:43:31');

-- --------------------------------------------------------

--
-- Estrutura para tabela `produto_complementos`
--

DROP TABLE IF EXISTS `produto_complementos`;
CREATE TABLE IF NOT EXISTS `produto_complementos` (
  `id` int(11) NOT NULL AUTO_INCREMENT,
  `produto_id` int(11) NOT NULL,
  `complemento_id` int(11) NOT NULL,
  `created_at` timestamp NULL DEFAULT current_timestamp(),
  PRIMARY KEY (`id`),
  KEY `produto_id` (`produto_id`),
  KEY `complemento_id` (`complemento_id`)
) ENGINE=InnoDB DEFAULT CHARSET=utf8mb4 COLLATE=utf8mb4_unicode_ci;

-- --------------------------------------------------------

--
-- Estrutura para tabela `usuarios`
--

DROP TABLE IF EXISTS `usuarios`;
CREATE TABLE IF NOT EXISTS `usuarios` (
  `id` int(11) NOT NULL AUTO_INCREMENT,
  `nome` varchar(100) NOT NULL,
  `email` varchar(100) NOT NULL,
  `senha` varchar(255) NOT NULL,
  `telefone` varchar(20) DEFAULT NULL,
  `senha_temporaria` tinyint(1) DEFAULT 0,
  `remember_token` varchar(64) DEFAULT NULL,
  `created_at` timestamp NULL DEFAULT current_timestamp(),
  `updated_at` timestamp NULL DEFAULT current_timestamp() ON UPDATE current_timestamp(),
  PRIMARY KEY (`id`),
  UNIQUE KEY `email` (`email`)
) ENGINE=InnoDB AUTO_INCREMENT=3 DEFAULT CHARSET=utf8mb4 COLLATE=utf8mb4_unicode_ci;

--
-- Despejando dados para a tabela `usuarios`
--

INSERT INTO `usuarios` (`id`, `nome`, `email`, `senha`, `telefone`, `senha_temporaria`, `remember_token`, `created_at`, `updated_at`) VALUES
(1, 'Mariana', 'mariana_mo@hotmail.com', '$2y$10$A/VamB4gqhoe79B6.4HKYeK/5B4pdbhmU22n19VNeSAfCmWzig7WO', '98984457541', 0, 'b5cba1ec1f9aa3ec4099de5aeb9d393ec7745acbcee0f70daddb77229f5eadf4', '2025-03-28 17:00:44', '2025-03-28 17:00:53'),
(2, 'KELVYN KHRYSTIAN CARVALHO DE SOUSA', 'kelvyn_kk@hotmail.com', '$2y$10$eRY/ZvMEfDuhAFg4sJ6JQuQBrY8POldG3UpdPi6ijai4AcLEMbegS', '98988655109', 0, NULL, '2025-03-31 18:49:48', '2025-03-31 18:49:48');

--
-- Restrições para tabelas despejadas
--

--
-- Restrições para tabelas `complemento_opcoes`
--
ALTER TABLE `complemento_opcoes`
  ADD CONSTRAINT `complemento_opcoes_ibfk_1` FOREIGN KEY (`complemento_id`) REFERENCES `complementos` (`id`) ON DELETE CASCADE;

--
-- Restrições para tabelas `cupons_utilizados`
--
ALTER TABLE `cupons_utilizados`
  ADD CONSTRAINT `cupons_utilizados_ibfk_1` FOREIGN KEY (`cupom_id`) REFERENCES `cupons` (`id`),
  ADD CONSTRAINT `cupons_utilizados_ibfk_2` FOREIGN KEY (`usuario_id`) REFERENCES `usuarios` (`id`),
  ADD CONSTRAINT `cupons_utilizados_ibfk_3` FOREIGN KEY (`pedido_id`) REFERENCES `pedidos` (`id`);

--
-- Restrições para tabelas `enderecos_usuario`
--
ALTER TABLE `enderecos_usuario`
  ADD CONSTRAINT `enderecos_usuario_ibfk_1` FOREIGN KEY (`usuario_id`) REFERENCES `usuarios` (`id`) ON DELETE CASCADE;

--
-- Restrições para tabelas `itens_pedido`
--
ALTER TABLE `itens_pedido`
  ADD CONSTRAINT `itens_pedido_ibfk_1` FOREIGN KEY (`pedido_id`) REFERENCES `pedidos` (`id`) ON DELETE CASCADE;

--
-- Restrições para tabelas `pedidos`
--
ALTER TABLE `pedidos`
  ADD CONSTRAINT `pedidos_ibfk_1` FOREIGN KEY (`usuario_id`) REFERENCES `usuarios` (`id`),
  ADD CONSTRAINT `pedidos_ibfk_2` FOREIGN KEY (`forma_pagamento_id`) REFERENCES `formas_pagamento` (`id`),
  ADD CONSTRAINT `pedidos_ibfk_3` FOREIGN KEY (`cupom_id`) REFERENCES `cupons` (`id`);

--
-- Restrições para tabelas `pedido_complementos`
--
ALTER TABLE `pedido_complementos`
  ADD CONSTRAINT `pedido_complementos_ibfk_1` FOREIGN KEY (`pedido_item_id`) REFERENCES `itens_pedido` (`id`) ON DELETE CASCADE;

--
-- Restrições para tabelas `produtos`
--
ALTER TABLE `produtos`
  ADD CONSTRAINT `produtos_ibfk_1` FOREIGN KEY (`categoria_id`) REFERENCES `categorias` (`id`);

--
-- Restrições para tabelas `produto_complementos`
--
ALTER TABLE `produto_complementos`
  ADD CONSTRAINT `produto_complementos_ibfk_1` FOREIGN KEY (`produto_id`) REFERENCES `produtos` (`id`) ON DELETE CASCADE,
  ADD CONSTRAINT `produto_complementos_ibfk_2` FOREIGN KEY (`complemento_id`) REFERENCES `complementos` (`id`) ON DELETE CASCADE;
COMMIT;

/*!40101 SET CHARACTER_SET_CLIENT=@OLD_CHARACTER_SET_CLIENT */;
/*!40101 SET CHARACTER_SET_RESULTS=@OLD_CHARACTER_SET_RESULTS */;
/*!40101 SET COLLATION_CONNECTION=@OLD_COLLATION_CONNECTION */;
